Mutation type,Trinucleotide,S1,S2,S3,S4,S5,S6,S7,S8,S9,S10,S11,S12,S13,S14,S15,S16,S17,S18,S19,S20,S21,S22,S23,S24,S25,S26,S27,S28,S29,S30,S31,S32,S33,S34,S35,S36,S37,S38,S39,S40,S41,S42,S43,S44,S45,S46,S47,S48,S49,S50,S51,S52,S53,S54,S55,S56,S57,S58,S59,S60,S61,S62,S63,S64,S65,S66,S67,S68,S69,S70,S71,S72,S73,S74,S75,S76,S77,S78,S79,S80,S81,S82,S83,S84,S85,S86,S87,S88,S89,S90,S91,S92,S93,S94,S95,S96,S97,S98,S99,S100,S101,S102,S103,S104,S105,S106,S107,S108,S109,S110,S111,S112,S113,S114,S115,S116,S117,S118,S119,S120,S121,S122,S123,S124,S125,S126,S127,S128,S129,S130,S131,S132,S133,S134,S135,S136,S137,S138,S139,S140,S141,S142,S143,S144,S145,S146,S147,S148,S149,S150,S151,S152,S153,S154,S155,S156,S157,S158,S159,S160,S161,S162,S163,S164,S165,S166,S167,S168,S169,S170,S171,S172,S173,S174,S175,S176,S177,S178,S179,S180,S181,S182,S183,S184,S185,S186,S187,S188,S189,S190,S191,S192,S193,S194,S195,S196,S197,S198,S199,S200
C>A,ACA,15,32,241,174,11,9,28,51,14,88,3,1,1387,48,62,3,9,45,71,18,48,5166,38,78,919,579,5,22,22,44,56,1,5,9,10,51,3,164,57,150,13,1,1638,87,34,34,7,315,1348,47,45,28,710,240,28,57,25,1,65,1,31,15,0,426,1,196,174,220,21,17,10,103,176,302,172,17,1671,13,56,1436,109,217,14,41,50,297,411,190,33,33,197,732,26,18,14,565,77,24,12,99,8,631,4,37,9,184,16,237,141,4,488,12,27,38,35,8,9,35,3,108,78,436,72,673,28,7,6,373,112,161,13,2,220,19,7,32,474,43,3,1,1,435,297,6,126,6,16,39,31,277,23,332,2,420,15,61,32,699,11,27,47,25,1,7,59,19,9,32,163,281,178,9,45,756,4,59,374,352,32,39,58,45,21,293,99,224,15,15,21,171,11,27,8,62,41,14,43,18,2,182
C>A,ACC,10,16,122,91,9,8,21,28,10,55,3,3,701,31,38,2,7,34,39,12,25,2598,22,40,473,297,6,13,18,23,42,4,6,9,8,31,4,86,33,80,7,2,832,45,22,26,7,160,678,27,28,19,357,156,20,34,19,2,36,1,21,11,1,214,1,103,88,121,16,11,6,54,90,157,94,11,845,12,29,722,56,117,12,32,29,152,209,100,17,19,106,372,14,10,7,285,41,14,11,52,6,318,4,22,11,93,8,146,71,7,278,7,18,21,26,18,5,20,2,58,40,223,50,339,17,4,9,190,58,99,7,2,114,14,8,16,240,23,5,1,1,228,150,5,67,5,9,46,18,142,23,168,1,212,12,35,25,354,18,14,32,16,1,5,33,15,5,19,85,148,90,7,25,430,3,32,188,184,21,22,35,26,14,186,51,114,12,12,11,96,7,14,4,33,23,9,23,12,1,92
C>A,ACG,1,0,4,3,1,1,2,1,0,4,0,0,21,1,1,0,1,4,1,1,1,73,1,1,16,9,0,1,2,1,5,0,0,1,1,1,0,3,2,3,0,0,25,1,1,3,1,5,19,1,2,1,10,14,2,2,2,0,2,0,1,1,0,6,0,4,3,6,0,1,1,2,3,6,4,1,24,1,1,21,2,5,1,1,1,5,7,3,1,1,3,11,1,0,0,8,2,1,1,2,1,9,0,1,1,3,0,11,2,0,7,0,1,1,2,1,0,1,0,2,1,7,5,10,1,0,0,6,2,7,0,0,3,1,1,1,7,1,0,0,0,6,4,1,2,1,0,3,1,5,1,5,0,6,1,1,3,11,1,1,3,0,0,0,1,2,0,1,3,4,3,1,1,12,0,2,5,6,2,1,3,1,1,15,2,4,1,1,0,4,0,1,0,1,1,1,1,1,0,3
C>A,ACT,49,257,1937,1396,7,33,17,365,82,432,2,1,11204,352,485,2,6,27,558,50,372,42180,281,638,7160,4662,5,111,14,360,34,2,4,7,6,344,3,1252,379,1187,97,1,13243,714,262,21,5,2521,11001,355,229,151,5808,915,109,364,16,1,438,1,174,9,0,3475,1,1450,1408,1522,155,87,43,805,1383,2290,1238,50,13654,9,428,11693,851,1547,63,312,356,2376,3276,1539,263,220,1584,5947,186,140,91,4582,563,178,8,765,5,5130,20,202,7,1493,127,1135,1152,4,3897,76,153,289,152,9,74,224,2,877,614,3500,191,5470,146,56,6,2979,888,869,102,1,1792,33,5,256,3850,331,3,1,5,3543,2428,4,978,4,112,30,181,2200,136,2712,1,3423,45,458,20,5637,10,185,164,198,1,44,425,27,75,204,1247,2239,1417,6,353,5969,2,405,3061,2770,140,287,296,328,112,1316,796,1781,9,9,164,1274,61,192,66,498,285,55,351,73,16,1488
C>A,CCA,42,156,1171,844,19,25,47,229,54,310,4,1,6766,217,293,5,15,76,338,47,228,25392,174,384,4371,2816,8,79,38,217,95,1,7,15,17,219,5,769,242,720,60,1,7994,429,157,58,11,1526,6623,217,163,103,3493,736,86,236,43,0,279,2,118,25,0,2092,2,899,850,965,93,62,33,491,843,1409,773,46,8216,21,262,7045,519,971,45,186,222,1438,1986,927,160,141,954,3583,116,86,58,2764,351,110,20,469,13,3092,13,139,14,900,77,826,693,6,2343,50,103,178,112,8,45,146,5,527,373,2117,186,3298,103,34,9,1806,538,600,61,4,1078,41,11,155,2320,202,4,2,3,2130,1460,11,597,10,71,60,122,1335,86,1631,3,2062,41,282,55,3405,13,117,138,119,2,28,266,39,45,132,766,1355,859,16,215,3603,7,257,1841,1684,105,178,209,204,78,982,481,1080,26,26,101,786,42,120,40,301,181,43,211,56,10,895
C>A,CCC,50,18,142,105,58,27,141,60,23,221,13,2,788,48,41,15,46,230,48,69,39,2664,39,40,685,336,23,54,114,22,287,3,22,46,51,71,16,140,78,100,12,4,924,44,20,176,33,193,698,39,109,59,356,768,89,91,130,1,88,6,64,75,1,220,5,192,98,283,16,42,28,74,126,261,188,62,853,65,44,760,78,249,35,28,55,180,260,102,23,47,110,391,28,15,19,309,82,22,62,81,40,339,8,79,43,99,8,616,71,18,275,20,56,33,96,26,5,57,15,56,51,261,281,365,64,4,27,234,72,353,7,12,113,83,34,20,255,35,13,5,1,224,150,32,96,30,22,183,61,181,36,167,9,223,57,55,167,401,42,33,159,14,7,8,66,89,5,51,136,175,112,47,33,473,20,76,188,243,89,41,137,47,47,813,59,143,78,78,18,159,25,31,4,37,54,41,23,51,1,93
C>A,CCG,5,10,74,53,4,3,11,16,4,30,1,0,425,15,19,1,4,18,22,7,15,1576,12,24,285,177,2,8,9,13,22,0,2,4,4,16,1,51,18,46,4,0,501,27,10,14,2,97,411,14,16,9,216,87,10,19,10,0,21,0,10,6,0,130,0,62,53,71,6,6,4,32,55,94,54,6,509,5,17,439,34,69,4,12,16,91,126,58,10,11,59,223,8,6,4,173,24,7,5,31,3,193,1,12,3,56,5,83,43,1,146,4,9,12,12,1,3,12,1,33,24,134,27,206,10,2,2,115,34,54,4,1,67,7,3,10,145,13,1,0,0,132,90,2,39,2,5,14,10,85,6,101,1,128,6,19,13,214,3,9,17,7,1,2,19,7,3,10,51,86,55,4,14,227,2,19,114,108,11,12,20,14,7,103,30,69,6,6,7,53,4,9,2,19,13,5,13,6,1,56
C>A,CCT,139,766,5760,4148,14,91,33,1080,241,1260,3,1,33327,1037,1435,4,11,54,1655,141,1104,125494,832,1898,21275,13863,9,325,27,1071,67,1,5,11,12,1016,4,3716,1118,3524,287,1,39387,2124,772,41,8,7496,32730,1051,670,440,17280,2636,311,1071,30,0,1297,1,507,18,0,10340,1,4301,4187,4505,453,253,126,2392,4111,6800,3667,143,40620,16,1270,34787,2530,4583,180,914,1053,7065,9741,4574,781,650,4702,17687,551,417,270,13632,1668,527,15,2271,9,15262,57,593,11,4442,379,3311,3427,5,11552,225,446,858,435,8,220,660,4,2604,1826,10406,537,16274,429,167,7,8859,2638,2544,302,3,5327,88,8,761,11450,981,3,1,14,10530,7223,8,2902,7,330,45,533,6540,389,8069,2,10182,127,1357,39,16766,11,549,470,584,2,129,1260,70,222,600,3703,6652,4214,11,1049,17689,5,1199,9108,8229,406,850,867,970,327,3825,2365,5296,18,18,487,3774,180,569,197,1479,842,159,1043,211,48,4426
C>A,GCA,13,44,334,241,7,8,17,66,16,93,2,1,1927,63,85,2,5,27,97,15,65,7225,50,109,1249,803,3,24,14,62,34,1,3,6,6,64,2,220,70,206,17,1,2277,122,46,21,4,435,1885,63,49,31,994,227,27,69,15,0,81,1,35,9,0,595,1,258,242,279,27,19,10,140,241,404,223,14,2338,8,75,2005,148,280,14,55,64,410,566,264,46,41,273,1020,33,25,17,787,101,32,8,134,5,880,4,41,6,256,22,248,197,3,672,15,31,51,35,5,13,43,2,150,106,604,59,939,31,10,4,515,154,178,17,1,307,14,4,44,661,58,2,1,1,607,416,4,171,4,21,24,36,381,27,464,1,587,13,81,20,970,6,34,43,34,1,8,77,13,13,39,219,387,245,6,62,1034,2,74,524,481,32,51,62,59,23,298,137,308,9,9,29,226,13,35,11,86,52,13,60,17,3,255
C>A,GCC,20,48,361,262,16,13,37,76,21,127,4,2,2078,73,95,4,12,60,107,25,72,7752,57,118,1372,869,7,32,30,66,75,3,7,14,13,77,5,245,84,226,19,2,2457,131,52,46,10,472,2022,71,65,41,1065,340,41,85,34,1,95,2,46,20,1,639,1,291,261,325,32,25,14,154,263,449,255,24,2510,18,83,2154,163,321,21,65,74,445,615,286,50,49,297,1098,38,27,20,847,115,36,17,148,11,946,6,53,14,276,23,340,211,7,740,18,40,57,51,14,14,52,4,163,116,654,100,1010,40,10,10,559,167,234,19,3,331,26,11,48,711,64,5,1,1,656,446,8,189,8,24,58,45,415,37,498,2,631,22,92,44,1047,18,39,67,38,2,10,88,26,14,47,243,422,266,12,68,1144,5,87,561,528,46,59,83,68,31,420,149,335,21,20,32,256,16,40,12,93,61,19,65,25,3,273
C>A,GCG,2,3,25,18,2,1,4,6,2,11,0,0,143,5,6,0,1,7,7,2,5,528,4,8,96,59,1,3,3,4,9,0,1,1,2,6,0,17,6,16,1,0,168,9,3,5,1,33,138,5,6,3,72,32,4,6,4,0,7,0,4,2,0,44,0,21,18,24,2,2,1,11,18,32,19,2,171,2,6,147,11,24,2,4,5,31,43,19,3,4,20,75,3,2,2,58,8,2,2,10,1,65,0,4,1,19,2,30,14,0,49,1,3,4,4,1,1,4,0,11,8,45,10,69,3,1,1,39,12,19,1,0,22,3,1,3,49,5,0,0,0,44,30,1,13,1,2,5,4,29,2,34,0,43,2,6,5,72,1,3,6,2,0,1,6,3,1,4,17,29,18,1,5,76,1,7,38,37,4,4,7,5,3,37,10,23,2,2,2,18,1,3,1,6,5,2,4,2,0,19
C>A,GCT,109,606,4556,3282,10,72,23,854,191,992,2,1,26363,821,1137,2,7,37,1310,110,873,99278,658,1502,16825,10967,7,256,19,847,46,2,4,8,8,803,3,2938,884,2788,227,1,31157,1680,612,28,6,5929,25892,832,528,347,13671,2068,245,846,21,1,1024,1,400,12,0,8180,1,3400,3312,3559,360,199,99,1892,3252,5377,2899,112,32136,11,1005,27519,2001,3622,142,726,833,5589,7705,3620,618,513,3721,13993,435,329,213,10784,1319,417,11,1796,6,12073,46,467,9,3514,300,2606,2711,4,9147,178,352,679,344,9,174,521,2,2061,1445,8232,418,12874,338,132,6,7007,2087,2006,239,2,4215,68,7,602,9059,776,3,1,11,8333,5715,5,2296,5,260,36,420,5172,310,6384,1,8055,100,1074,27,13263,11,434,369,463,1,103,996,54,175,474,2928,5263,3333,8,830,14004,3,948,7205,6509,320,672,683,768,258,3008,1871,4189,13,13,385,2985,142,450,156,1170,665,125,826,166,38,3502
C>A,TCA,128,755,5676,4087,2,85,5,1058,234,1205,1,0,32845,1018,1413,1,2,9,1629,126,1085,123737,816,1872,20932,13661,5,311,4,1056,11,1,1,2,2,992,1,3652,1092,3470,282,0,38818,2094,760,7,2,7384,32271,1033,642,424,17040,2460,291,1042,5,0,1267,0,490,3,0,10195,0,4222,4127,4405,445,242,119,2354,4046,6682,3595,129,40053,3,1249,34295,2490,4489,171,900,1032,6960,9594,4509,769,634,4634,17436,540,409,263,13437,1636,518,3,2233,2,15045,55,572,2,4379,374,3159,3379,1,11385,219,431,843,413,3,217,642,1,2567,1798,10253,477,16042,412,165,2,8726,2598,2451,298,0,5253,71,2,749,11288,965,1,0,13,10383,7123,1,2855,1,322,10,515,6440,378,7957,0,10038,115,1333,6,16523,3,537,435,576,0,127,1235,53,218,584,3640,6552,4151,2,1032,17424,1,1173,8981,8100,385,834,832,952,315,3629,2331,5215,3,3,479,3706,174,558,195,1457,823,149,1029,199,48,4365
C>A,TCC,61,266,2004,1445,20,39,48,385,89,488,5,2,11585,368,503,5,16,78,578,66,387,43546,295,659,7443,4822,10,125,39,372,97,2,8,17,17,366,6,1305,403,1230,101,2,13691,737,271,60,12,2610,11358,370,257,166,5994,1099,130,390,44,1,466,2,191,25,1,3588,2,1518,1455,1612,160,97,50,836,1437,2390,1302,65,14094,23,445,12076,884,1630,72,323,374,2460,3394,1590,273,234,1636,6142,195,146,97,4735,591,186,22,796,14,5300,22,223,16,1543,131,1290,1189,8,4027,82,167,302,175,14,76,240,5,905,637,3622,256,5652,163,58,11,3086,920,961,105,4,1850,52,13,265,3977,344,6,2,5,3657,2506,11,1017,10,118,69,198,2280,145,2799,3,3535,58,479,57,5830,18,196,202,204,3,47,448,47,77,218,1300,2319,1468,16,367,6178,7,429,3159,2874,162,301,332,344,124,1517,823,1846,26,26,171,1332,68,202,69,515,302,65,363,86,17,1536
C>A,TCG,2,5,34,25,2,1,4,7,2,13,0,0,198,7,9,0,1,7,10,3,7,737,6,11,132,83,1,3,4,6,9,0,1,1,2,7,0,24,8,21,2,0,234,12,5,6,1,45,192,7,7,4,101,37,4,8,4,0,9,0,5,2,0,61,0,28,25,32,3,3,2,15,25,44,25,3,238,2,8,205,16,32,2,5,7,42,59,27,5,5,28,104,4,3,2,81,11,3,2,14,1,90,1,6,1,26,2,36,20,0,68,2,4,5,5,1,1,5,0,15,11,62,11,96,4,1,1,53,16,24,2,0,31,3,1,5,68,6,0,0,0,62,42,1,18,1,2,5,5,40,3,47,0,60,2,9,5,100,1,4,7,3,0,1,9,3,1,5,24,40,25,2,6,106,1,9,53,50,5,6,9,6,3,45,14,32,2,2,3,24,2,4,1,9,6,2,6,3,0,26
C>A,TCT,1624,9692,72893,52486,3,1073,7,13574,2995,15386,1,0,421857,13055,18134,1,2,12,20916,1587,13933,1589401,10470,24039,268770,175446,50,3978,6,13563,15,1,1,3,3,12715,1,46878,13995,44553,3619,0,498574,26899,9753,9,2,94836,414519,13261,8203,5422,218883,31295,3697,13356,7,0,16245,0,6260,4,0,130959,0,54183,53004,56503,5710,3095,1524,30225,51959,85785,46120,1635,514478,4,16035,440515,31971,57598,2177,11540,13234,89390,123212,57909,9876,8128,59510,223958,6927,5256,3376,172592,20996,6642,3,28663,2,193248,703,7316,3,56244,4802,40337,43407,1,146174,2810,5513,10823,5255,3,2791,8229,1,32973,23095,131680,6004,206054,5274,2119,2,112064,33364,31342,3829,1,67466,871,2,9625,144985,12385,1,0,170,133353,91493,2,36652,2,4129,12,6599,82700,4830,102205,0,128941,1450,17106,9,212214,4,6888,5519,7392,0,1622,15841,636,2805,7486,46729,84143,53311,2,13252,223681,1,15040,115366,104010,4908,10698,10636,12211,4025,46289,29933,66979,4,4,6149,47560,2222,7154,2501,18712,10557,1900,13210,2538,611,56063
C>G,ACA,6,1,10,7,7,3,17,6,3,24,2,0,51,5,4,2,5,27,4,8,3,157,4,2,54,22,3,6,13,1,34,1,3,6,6,7,2,12,8,8,1,1,60,3,2,21,4,13,41,4,12,7,20,87,10,10,15,0,9,1,7,9,0,13,1,17,6,28,2,5,3,6,10,22,18,7,50,8,4,46,6,24,4,3,5,13,18,7,2,5,8,24,3,1,2,19,8,2,7,7,5,21,1,9,5,6,0,68,4,2,21,2,6,3,11,4,0,6,2,4,4,18,32,23,7,0,4,16,5,39,0,1,7,10,4,1,16,3,2,1,0,14,9,4,8,4,2,23,7,13,5,10,1,14,7,5,20,26,6,3,18,1,1,1,6,10,0,5,11,13,8,6,3,37,2,7,11,19,10,4,15,4,5,91,4,10,9,9,2,14,3,3,0,3,5,5,2,6,0,5
C>G,ACC,2,3,22,16,2,2,6,5,2,12,1,1,126,6,7,1,2,9,7,3,5,465,4,7,88,54,1,3,5,4,11,1,1,2,2,6,1,16,7,15,1,0,150,8,4,7,2,29,121,5,6,4,64,37,5,7,5,0,7,0,4,3,0,38,0,20,16,24,3,2,1,10,17,30,18,3,151,3,5,129,10,23,3,6,6,28,38,18,3,4,19,67,3,2,2,51,8,3,3,10,2,57,1,5,3,17,1,33,13,1,50,1,4,4,6,4,1,4,1,10,7,40,12,61,4,1,2,35,11,22,1,0,20,4,2,3,43,4,1,0,0,41,27,1,12,1,2,11,4,26,5,30,0,38,3,7,7,64,4,3,8,3,0,1,6,4,1,4,16,27,16,2,5,78,1,6,34,34,5,4,8,5,3,43,9,21,3,3,2,18,1,3,1,6,5,2,4,3,0,16
C>G,ACG,0,1,9,7,0,0,0,2,0,2,0,0,52,2,2,0,0,0,3,0,2,196,1,3,34,22,0,1,0,2,0,0,0,0,0,2,0,6,2,6,0,0,62,3,1,0,0,12,51,2,1,1,27,5,1,2,0,0,2,0,1,0,0,16,0,7,7,7,1,0,0,4,6,11,6,0,64,0,2,54,4,7,0,2,2,11,15,7,1,1,8,28,1,1,0,21,3,1,0,4,0,24,0,1,0,7,1,6,5,0,19,0,1,1,1,0,0,1,0,4,3,16,1,25,1,0,0,14,4,4,0,0,8,0,0,1,18,2,0,0,0,17,11,0,5,0,1,1,1,10,1,13,0,16,0,2,0,26,0,1,1,1,0,0,2,0,0,1,6,11,7,0,2,29,0,2,14,13,1,1,1,2,1,7,4,8,0,0,1,6,0,1,0,2,1,0,2,0,0,7
C>G,ACT,3,4,31,23,3,2,8,8,2,17,1,0,178,7,9,1,3,13,10,4,7,654,6,10,124,75,1,4,6,6,16,0,1,3,3,8,1,23,9,20,2,0,210,11,5,10,2,41,171,7,9,5,90,53,6,9,7,0,10,0,6,4,0,54,0,28,22,34,3,3,2,14,24,42,25,4,212,4,8,183,15,32,3,6,7,39,54,24,4,5,26,93,4,3,2,72,11,3,4,14,2,80,1,7,3,23,2,47,18,1,64,2,5,5,7,2,1,6,1,14,10,57,18,86,5,1,2,49,15,30,2,1,28,5,2,4,60,6,1,0,0,56,38,2,17,2,3,11,6,36,4,42,0,53,4,9,9,90,3,4,11,3,0,1,9,5,1,5,22,37,23,3,6,101,1,9,47,47,7,6,11,7,4,60,13,29,4,4,3,24,2,4,1,8,6,3,6,4,0,23
C>G,CCA,1,1,8,7,1,2,2,2,2,5,1,1,45,5,6,0,1,3,4,1,2,167,2,3,31,21,1,1,2,2,3,2,1,2,1,3,1,6,3,7,0,1,55,3,4,2,2,11,43,3,2,3,23,12,2,3,2,1,3,0,3,1,0,14,0,7,6,8,3,1,0,4,6,10,7,1,57,2,2,46,4,8,3,7,3,11,13,9,1,2,10,25,1,1,1,18,3,2,2,3,0,20,1,2,3,6,0,11,5,2,33,1,2,2,4,8,0,2,0,5,3,15,4,22,1,0,3,12,4,9,1,0,9,1,2,1,16,2,2,0,0,19,10,0,5,1,1,12,1,9,7,11,0,14,1,4,2,23,7,1,3,2,0,1,3,1,1,2,6,12,6,1,2,50,0,2,12,14,2,2,2,3,2,15,4,8,1,1,1,9,1,1,0,3,2,1,2,1,0,6
C>G,CCC,2,1,11,9,2,2,4,3,2,8,1,1,61,5,6,0,1,6,5,2,2,222,3,4,44,27,1,2,3,2,8,2,2,2,1,4,1,9,4,8,1,0,73,4,4,5,2,14,58,3,4,3,31,24,3,5,4,1,4,0,3,2,0,18,0,10,8,13,3,2,1,5,8,15,10,2,73,3,3,62,5,12,3,6,4,14,19,10,2,3,12,33,1,1,1,24,4,2,2,5,1,27,1,3,3,8,1,21,6,2,35,1,3,2,5,6,0,3,0,6,4,20,8,29,2,0,3,17,5,14,1,0,11,3,2,2,21,2,2,0,0,22,13,1,7,1,1,13,2,13,6,15,0,18,2,4,5,31,6,2,5,2,0,1,4,3,1,2,8,15,8,1,3,54,1,4,16,18,3,2,5,3,2,28,5,10,2,2,1,11,1,2,0,3,3,1,2,2,0,8
C>G,CCG,0,1,7,5,0,1,0,1,1,2,0,1,38,3,3,0,0,0,3,0,1,143,1,2,24,17,1,0,0,1,0,1,1,1,0,2,0,4,2,5,0,0,46,3,2,0,1,9,37,2,1,1,20,3,1,2,0,0,2,0,1,0,0,12,0,5,5,5,2,0,0,3,5,8,5,0,47,1,2,39,3,5,1,4,2,8,11,6,1,1,7,21,1,1,0,15,2,1,0,3,0,17,0,1,1,5,0,4,4,1,22,0,1,1,2,4,0,1,0,4,2,12,1,18,0,0,1,10,3,4,0,0,7,0,1,1,13,1,1,0,0,14,9,0,4,0,0,5,1,7,3,10,0,12,0,2,0,19,3,1,1,1,0,1,2,0,0,1,4,9,5,0,2,33,0,1,10,10,1,1,1,2,1,5,3,6,0,0,1,6,0,1,0,2,1,0,1,0,0,5
C>G,CCT,1,3,21,17,1,3,1,4,3,7,1,2,119,8,11,0,0,2,9,1,4,450,4,8,78,53,2,1,1,4,2,3,2,2,0,6,1,14,6,15,1,1,145,8,7,1,2,27,117,6,3,4,63,14,3,6,1,1,5,0,4,1,1,37,0,16,15,18,6,1,1,9,15,25,15,1,150,2,5,124,9,18,4,12,6,27,35,20,3,3,23,66,2,2,1,49,6,3,2,8,0,55,1,3,4,16,1,15,12,3,68,1,3,4,6,11,1,3,0,12,7,39,4,58,2,1,4,32,10,14,1,0,22,1,2,3,42,4,3,0,1,45,27,0,12,1,2,16,2,24,10,30,0,37,2,7,1,61,9,2,3,4,0,2,5,1,1,3,14,28,15,0,5,102,0,5,33,33,3,4,4,5,3,20,9,19,1,1,2,19,1,2,1,6,4,1,5,2,0,16
C>G,GCA,1,0,3,3,2,2,4,2,1,7,1,1,19,3,3,0,1,7,2,2,1,63,1,1,17,9,1,2,4,1,8,1,1,2,2,3,1,4,3,3,0,0,23,1,2,5,2,5,16,2,3,2,9,22,3,3,4,0,3,0,3,2,0,5,0,5,2,8,2,1,1,2,3,7,6,2,22,3,1,18,2,7,2,4,2,5,6,4,1,2,5,10,1,0,1,7,2,1,2,2,1,8,1,2,3,2,0,18,2,2,16,1,2,1,4,5,0,2,0,2,1,7,8,9,2,0,2,6,2,11,0,0,4,3,2,1,7,1,1,0,0,8,4,1,3,1,1,11,2,5,4,4,0,5,2,2,5,10,5,1,5,1,0,1,2,3,0,2,4,6,3,1,1,26,1,2,5,7,3,1,4,2,2,24,2,4,2,2,0,6,1,1,0,1,2,1,1,2,0,2
C>G,GCC,4,11,80,58,3,3,7,16,4,26,1,1,458,16,21,1,2,11,24,5,16,1714,13,26,301,192,1,6,5,15,13,1,1,3,2,16,1,54,18,50,4,0,542,29,12,8,2,104,447,16,13,9,236,67,8,18,6,0,20,0,10,4,0,141,0,63,58,70,7,5,3,34,58,98,55,5,555,3,18,476,36,69,4,15,16,98,135,63,11,11,66,243,8,6,4,187,25,8,3,32,2,209,1,11,3,61,5,69,47,2,165,4,8,13,10,4,3,11,1,36,26,144,19,223,8,2,2,123,37,48,4,1,73,5,2,11,157,14,1,0,0,145,99,1,42,1,5,12,9,91,8,110,0,139,4,20,8,231,4,8,13,9,0,2,19,5,3,10,53,93,59,2,15,254,1,19,124,116,9,13,17,15,6,84,33,74,4,4,7,56,3,9,3,21,13,4,14,5,1,60
C>G,GCG,1,1,6,5,1,1,1,1,1,3,0,0,35,2,2,0,0,2,2,1,1,131,1,2,24,15,0,1,1,1,2,0,0,1,0,2,0,4,2,4,0,0,42,2,1,2,0,8,34,1,2,1,18,9,1,2,1,0,2,0,1,1,0,11,0,5,4,6,1,1,0,3,5,8,5,1,43,1,2,37,3,6,1,2,2,8,11,5,1,1,6,19,1,1,0,14,2,1,1,3,0,16,0,1,1,5,0,8,4,0,15,0,1,1,2,1,0,1,0,3,2,11,3,17,1,0,1,10,3,5,0,0,6,1,1,1,12,1,0,0,0,12,8,0,3,0,0,3,1,7,1,9,0,11,1,2,1,18,1,1,2,1,0,0,2,1,0,1,4,8,5,0,1,23,0,2,10,10,1,1,2,1,1,10,3,6,1,1,1,5,0,1,0,2,1,1,1,1,0,5
C>G,GCT,2,5,40,31,2,3,3,9,3,14,1,2,231,11,15,0,1,5,14,2,8,867,7,14,151,99,2,3,3,8,6,3,2,3,1,10,1,27,10,27,2,1,276,15,9,4,2,53,226,10,7,6,120,32,5,10,3,1,11,0,6,2,1,72,0,32,29,35,7,3,1,18,29,49,29,2,284,3,10,240,18,35,5,14,10,50,68,35,6,6,38,125,4,3,2,94,12,5,3,16,1,105,2,5,4,31,3,33,24,3,104,2,5,7,8,10,2,6,0,20,13,74,9,112,4,1,4,62,19,26,2,0,40,3,3,5,80,7,3,0,1,79,51,1,22,1,3,17,5,46,11,57,0,71,3,12,4,117,9,4,7,6,0,2,10,3,2,5,27,50,29,1,8,158,0,10,63,61,5,7,8,9,4,42,17,37,2,2,4,32,2,4,1,11,7,2,8,3,1,31
C>G,TCA,1,6,43,31,1,1,1,8,2,11,0,0,249,9,12,0,0,2,13,1,8,935,7,14,160,104,1,3,1,8,2,1,1,1,0,8,0,28,9,27,2,0,295,16,7,1,1,56,244,8,6,4,129,23,3,9,1,0,10,0,5,1,0,77,0,33,31,35,4,2,1,18,31,51,28,1,303,1,10,259,19,35,2,9,8,53,73,35,6,5,36,132,4,3,2,102,13,4,1,17,0,114,1,5,1,33,3,27,26,1,92,2,4,7,4,3,2,5,0,20,14,78,5,121,3,1,1,66,20,21,2,0,40,1,1,6,86,7,1,0,0,80,54,0,22,0,3,4,4,49,5,60,0,76,1,11,1,125,2,4,4,5,0,1,10,1,2,5,28,51,31,0,8,141,0,9,68,62,4,7,7,8,3,32,18,40,1,1,4,30,1,4,1,11,7,1,8,2,0,33
C>G,TCC,1,4,28,22,1,2,2,6,2,9,1,2,162,8,11,0,1,3,10,1,6,609,5,10,105,70,1,2,2,5,3,2,2,2,1,7,1,19,7,19,1,1,194,11,7,2,2,37,159,7,4,4,84,20,3,7,2,1,7,0,5,1,0,50,0,22,20,24,5,2,1,12,20,34,20,1,200,2,7,168,13,24,3,11,7,35,48,25,4,4,27,88,3,2,1,66,9,4,2,11,0,74,1,4,3,22,2,22,17,3,75,1,4,5,5,8,1,4,0,15,9,52,5,79,3,1,3,43,14,17,2,0,28,2,2,4,57,5,2,0,1,56,36,0,16,1,2,13,3,32,8,40,0,50,2,9,2,82,7,3,4,5,0,1,7,2,1,4,18,36,21,1,6,115,0,7,44,43,3,5,5,6,3,27,12,26,1,1,2,23,1,3,1,8,5,1,6,2,0,22
C>G,TCG,0,0,1,1,0,0,0,0,0,1,0,0,8,1,1,0,0,0,1,0,0,28,0,0,5,3,0,0,0,0,0,0,0,0,0,0,0,1,0,1,0,0,9,1,0,0,0,2,7,0,0,0,4,1,0,0,0,0,0,0,0,0,0,2,0,1,1,1,0,0,0,1,1,2,1,0,9,0,0,8,1,1,0,1,0,2,2,1,0,0,1,4,0,0,0,3,0,0,0,1,0,3,0,0,0,1,0,1,1,0,4,0,0,0,0,1,0,0,0,1,0,2,0,4,0,0,0,2,1,1,0,0,1,0,0,0,3,0,0,0,0,3,2,0,1,0,0,1,0,2,1,2,0,2,0,0,0,4,1,0,0,0,0,0,0,0,0,0,1,2,1,0,0,6,0,0,2,2,0,0,0,0,0,2,1,1,0,0,0,1,0,0,0,0,0,0,0,0,0,1
C>G,TCT,5,10,74,54,4,4,10,16,5,30,1,1,428,16,21,1,3,16,23,6,15,1590,12,24,285,179,2,7,8,14,21,1,2,4,4,17,2,51,19,47,4,1,506,27,12,13,3,97,415,15,15,10,218,82,10,19,9,1,21,0,11,5,0,131,0,61,54,70,8,6,3,32,55,94,55,6,515,5,17,442,34,69,6,15,16,92,127,60,10,11,62,226,8,6,4,174,24,8,5,31,3,194,2,12,4,57,5,80,43,2,158,4,9,12,13,6,3,11,1,34,24,135,25,207,9,2,3,115,35,54,4,1,69,7,3,10,146,14,2,0,0,136,92,2,40,2,5,18,10,86,10,102,1,129,6,20,12,216,6,8,16,8,1,2,19,7,3,10,51,88,55,3,14,245,1,19,115,110,11,13,19,15,7,99,31,69,6,6,7,55,4,8,3,19,13,5,14,6,1,56
C>T,ACA,93,16,125,92,109,47,270,86,37,389,23,1,654,58,34,29,88,439,45,128,46,1877,52,26,766,283,41,94,217,15,550,1,39,86,97,106,28,171,119,98,15,7,754,29,13,336,60,178,496,45,192,99,237,1406,162,145,248,1,134,11,107,143,0,155,10,257,80,426,14,74,51,80,135,326,264,115,584,122,52,563,84,360,57,17,75,162,249,73,25,73,81,290,39,18,30,242,113,27,116,96,77,258,13,136,78,76,5,1097,47,30,192,32,93,41,168,33,3,92,30,37,51,231,526,281,112,2,45,221,68,608,4,23,74,157,63,19,192,41,21,8,0,148,99,61,108,56,34,330,104,179,46,111,17,165,104,67,319,336,67,50,292,9,14,11,93,168,3,81,166,159,106,90,35,394,38,115,125,250,159,56,240,62,80,1458,51,138,150,149,22,200,43,44,3,31,81,74,17,92,1,64
C>T,ACC,32,58,437,315,27,18,68,97,26,183,6,1,2510,88,110,7,22,110,128,41,89,9310,71,141,1686,1047,11,46,55,79,138,1,10,22,24,98,7,304,108,273,24,2,2962,157,58,84,15,572,2430,86,94,55,1277,526,61,111,62,0,124,3,62,36,0,767,3,366,315,421,36,36,21,188,323,559,323,38,3008,31,102,2591,199,410,27,70,93,538,747,341,61,64,352,1319,48,34,26,1021,145,44,29,183,19,1139,7,75,20,332,28,499,253,8,866,24,54,71,72,10,16,69,7,193,141,791,165,1216,57,12,12,679,203,327,22,6,394,44,16,58,855,79,6,2,1,780,534,15,231,14,32,85,63,505,40,596,4,758,34,112,80,1264,19,51,104,44,4,12,112,46,16,62,302,508,323,23,83,1350,10,112,673,642,67,74,119,84,43,623,179,407,37,37,40,315,23,51,15,112,79,29,78,37,4,328
C>T,ACG,1841,247,1987,1452,2169,899,5362,1618,693,7635,455,0,10163,1030,500,573,1744,8735,723,2543,822,26540,945,354,13421,4410,792,1854,4320,200,10937,0,767,1691,1921,2003,555,3087,2258,1635,270,141,11581,396,144,6697,1181,2886,7057,793,3769,1905,3224,27780,3187,2774,4927,0,2553,222,2066,2834,0,2187,200,4742,1240,8092,193,1457,1004,1373,2341,5907,4932,2287,8088,2403,915,8223,1459,6770,1099,171,1389,2600,4110,1017,427,1390,1156,4231,721,325,570,3654,2116,472,2298,1717,1527,3826,233,2659,1518,1120,71,21554,639,562,2586,617,1809,732,3272,558,41,1775,587,486,862,3702,10426,4204,2198,31,854,3643,1127,11867,56,461,994,3113,1231,305,2814,722,397,164,3,1965,1348,1221,1877,1112,645,6430,2028,3003,796,1505,340,2398,2051,1198,6342,5237,1254,942,5770,109,284,200,1737,3330,41,1554,2993,2545,1754,1800,607,5967,757,2182,1699,4230,3133,1030,4708,1134,1559,28684,805,2285,2979,2958,396,3604,832,829,37,489,1544,1463,236,1810,9,894
C>T,ACT,29,74,558,403,21,17,50,116,29,186,5,1,3219,108,141,5,16,82,163,36,111,12020,87,182,2116,1342,8,47,41,102,102,1,8,17,18,114,6,376,125,346,29,2,3802,203,75,63,12,729,3136,106,96,59,1652,492,58,126,46,0,144,2,66,27,0,990,2,446,404,494,46,37,21,237,407,691,388,34,3888,23,127,3339,251,490,28,90,112,687,951,440,77,74,454,1699,58,42,30,1312,175,54,22,228,14,1467,8,79,15,427,36,500,328,6,1116,27,58,87,71,9,21,78,6,250,179,1010,142,1565,60,16,9,864,258,344,29,4,510,36,12,74,1101,99,5,2,1,1009,691,11,290,11,37,65,68,641,46,771,3,977,30,139,60,1621,15,60,95,57,3,14,134,36,21,70,374,649,411,17,104,1726,7,132,870,811,66,89,123,102,45,612,229,518,28,28,49,388,24,61,19,143,93,28,100,36,5,424
C>T,CCA,24,25,188,136,24,13,59,49,15,119,5,1,1071,42,49,6,19,95,56,31,41,3906,35,59,758,448,9,29,47,33,119,1,9,19,21,52,6,141,57,120,11,2,1262,66,25,73,14,247,1020,40,60,34,534,374,44,61,54,0,65,2,38,31,0,322,2,175,134,217,17,23,14,84,144,260,159,29,1260,27,47,1092,89,205,18,31,46,232,325,144,27,34,150,557,24,16,14,433,71,21,26,84,17,481,5,46,18,140,12,327,106,7,370,13,33,33,49,10,7,38,6,81,62,340,127,515,36,5,11,295,88,202,9,5,165,36,14,25,361,36,5,2,1,327,223,13,104,12,17,75,37,221,23,249,4,320,26,53,69,540,17,26,76,19,3,6,55,38,7,34,139,221,140,20,37,588,8,58,281,284,46,36,76,41,27,419,77,177,32,32,18,149,14,25,6,48,41,20,33,26,2,137
C>T,CCC,21,45,337,243,16,12,40,72,18,125,3,0,1940,66,84,4,13,65,98,26,68,7221,53,109,1287,808,6,31,32,61,81,0,6,13,14,71,4,230,79,209,18,1,2289,122,45,50,9,441,1884,65,64,38,991,344,40,80,36,0,91,2,43,21,0,595,1,275,243,310,27,24,14,144,247,423,240,24,2334,18,78,2008,152,305,18,53,69,414,575,264,47,46,272,1021,36,26,19,790,108,33,17,139,11,882,5,52,11,257,22,338,197,4,667,17,38,53,48,5,13,50,4,150,108,609,104,942,40,10,7,522,156,226,17,3,306,27,9,45,662,60,3,1,1,604,414,9,176,8,23,49,44,388,28,463,3,588,22,85,47,977,10,37,67,34,2,9,83,27,13,45,229,391,249,13,63,1036,6,83,522,491,45,55,82,62,29,417,138,313,22,22,30,237,16,38,11,86,58,19,60,25,3,254
C>T,CCG,1310,161,1307,956,1546,639,3822,1133,489,5420,325,0,6611,714,329,409,1244,6227,484,1811,565,16530,658,216,9164,2880,565,1315,3080,122,7797,0,546,1205,1369,1409,396,2131,1589,1098,187,100,7506,242,88,4774,842,1915,4408,545,2675,1350,1969,19758,2267,1957,3513,0,1796,158,1464,2020,0,1362,143,3299,805,5684,129,1034,713,933,1591,4082,3447,1628,4992,1713,628,5199,992,4740,780,104,970,1719,2745,638,290,979,734,2679,504,224,401,2346,1477,326,1638,1181,1089,2437,165,1885,1082,714,43,15305,390,400,1622,435,1281,506,2324,397,25,1253,419,297,580,2441,7424,2687,1559,19,608,2429,753,8413,34,329,607,2218,878,203,1788,496,283,117,2,1200,823,870,1283,793,454,4584,1436,2016,560,919,242,1515,1460,828,4521,3414,893,661,4105,67,202,140,1214,2373,25,1097,2064,1687,1170,1283,413,3915,540,1533,1038,2859,2226,718,3341,790,1105,20380,529,1528,2124,2109,273,2498,590,580,23,320,1085,1040,148,1286,6,553
C>T,CCT,17,65,493,356,7,11,18,96,23,129,2,1,2848,92,125,2,6,29,143,19,96,10692,73,162,1838,1186,4,33,15,91,37,1,3,6,6,92,2,323,102,304,25,1,3366,181,67,22,5,642,2789,92,67,43,1471,302,36,99,17,0,117,1,49,10,0,881,1,377,358,404,40,26,14,206,354,592,325,19,3461,9,110,2966,218,407,19,81,94,605,836,391,67,59,403,1509,49,36,24,1164,147,46,8,197,5,1302,6,58,6,379,32,341,292,3,994,21,43,75,47,6,19,61,2,223,157,891,75,1389,43,14,4,760,227,250,26,2,455,16,5,65,977,85,2,1,1,899,615,4,251,4,30,27,51,562,38,687,1,868,17,119,21,1433,8,49,56,51,1,12,112,16,19,55,322,571,361,6,91,1526,3,108,775,709,44,75,87,86,32,405,203,455,10,10,42,331,18,50,17,127,76,18,89,23,4,377
C>T,GCA,146,143,1083,783,148,78,365,287,88,721,32,2,6175,244,276,39,119,594,324,194,237,22467,202,338,4406,2584,56,178,295,190,744,3,54,117,131,304,39,820,337,693,65,10,7272,377,142,456,82,1429,5868,229,363,202,3066,2296,266,364,335,1,385,15,224,193,1,1851,14,1027,773,1285,92,140,88,487,835,1517,937,177,7243,166,271,6285,515,1209,107,171,268,1340,1881,826,157,201,858,3202,139,91,83,2492,417,120,158,489,104,2772,26,276,107,807,67,1990,608,42,2105,79,196,191,295,50,39,228,40,465,359,1965,787,2964,218,30,63,1704,511,1218,54,31,948,224,86,146,2078,211,30,12,3,1875,1282,83,606,76,98,453,224,1279,126,1432,23,1839,159,307,432,3115,96,154,465,106,19,36,325,235,40,204,811,1272,812,122,215,3356,51,344,1616,1643,278,210,458,238,160,2554,445,1026,203,201,107,869,86,149,35,277,243,124,189,157,9,790
C>T,GCC,323,753,5679,4092,238,180,588,1194,301,1989,50,1,32718,1093,1416,63,191,958,1647,397,1134,121982,888,1840,21606,13628,91,501,474,1038,1199,2,85,186,211,1173,61,3850,1297,3518,301,16,38622,2059,749,734,130,7421,31828,1081,1028,616,16752,5387,627,1305,540,1,1497,24,696,311,0,10051,22,4579,4107,5120,451,392,224,2415,4149,7074,3996,373,39432,264,1302,33903,2555,5057,285,888,1144,6982,9681,4452,787,762,4588,17243,598,430,315,13330,1805,550,253,2335,167,14897,79,839,168,4336,368,5382,3322,63,11247,278,612,891,754,67,214,811,64,2525,1825,10271,1592,15898,636,162,96,8795,2623,3649,293,51,5165,406,136,755,11171,1007,45,18,13,10209,7003,134,2952,122,380,712,716,6525,453,7823,37,9923,334,1414,695,16472,142,619,1046,567,31,144,1377,413,215,731,3829,6585,4186,197,1060,17431,83,1366,8829,8257,711,915,1312,1040,473,6610,2331,5268,327,324,504,3960,258,627,191,1456,960,303,1016,389,47,4298
C>T,GCG,1685,1062,8096,5848,1816,847,4490,2553,844,7751,381,0,45737,2015,2019,480,1461,7316,2451,2270,1917,162483,1715,2418,34956,19175,668,1903,3618,1364,9160,1,642,1416,1608,2800,465,6722,3126,5301,545,118,53695,2706,982,5608,989,10786,42490,1834,3880,2073,22015,26023,2995,3501,4126,0,3571,186,2283,2373,0,13388,167,8752,5716,11762,666,1493,975,3817,6545,12517,8200,2059,52174,2013,2181,45759,4043,10752,1113,1162,2331,10065,14314,5962,1229,1881,6219,23306,1215,736,775,18291,3625,981,1925,3967,1279,20258,258,2872,1272,5902,483,21608,4366,471,15066,764,2002,1568,3203,468,281,2213,492,3317,2760,14720,9260,21704,2306,213,715,12940,3888,12703,385,386,6786,2684,1031,1104,15151,1697,333,137,17,13414,9202,1022,4807,931,904,5386,2280,9812,1093,10280,285,13386,1845,2513,5311,23112,1051,1397,5319,744,238,310,2852,2845,282,1962,6630,9556,6173,1508,1678,24737,634,3154,11603,12721,3057,1807,4881,2027,1660,28104,3316,7824,2495,2477,874,7215,892,1325,252,2060,2225,1393,1363,1739,62,5696
C>T,GCT,244,978,7360,5301,97,148,238,1426,330,1873,21,1,42533,1350,1833,25,78,388,2120,271,1426,159729,1087,2414,27406,17698,41,479,192,1362,486,1,35,76,85,1358,25,4813,1497,4518,373,7,50250,2701,981,297,53,9588,41663,1359,985,626,21978,4352,510,1456,219,1,1734,10,717,126,0,13161,9,5615,5342,5995,580,373,196,3076,5287,8819,4820,264,51683,108,1640,44308,3254,6046,267,1163,1382,9033,12473,5824,1004,873,5990,22530,723,539,362,17379,2188,684,103,2935,68,19447,81,848,69,5660,482,4978,4359,26,14708,308,631,1112,671,30,280,900,26,3312,2342,13300,1061,20741,623,213,40,11340,3378,3653,385,20,6776,225,56,974,14588,1268,19,7,17,13393,9187,54,3740,50,441,292,748,8383,521,10263,15,12969,236,1761,282,21402,60,729,806,743,13,171,1657,211,282,816,4794,8508,5396,80,1349,22595,34,1597,11584,10564,629,1113,1270,1269,471,5889,3022,6783,132,131,631,4906,258,750,251,1889,1122,254,1329,334,62,5632
C>T,TCA,23,76,571,412,12,14,30,113,27,160,3,0,3297,107,143,3,10,48,165,26,112,12359,86,187,2139,1373,5,41,24,105,60,1,5,10,11,109,3,377,120,352,29,1,3895,209,77,37,7,745,3224,107,84,53,1700,393,46,118,27,0,139,1,60,16,0,1018,1,442,414,479,46,32,17,240,412,692,382,25,3999,14,128,3430,254,480,23,91,110,701,969,451,78,70,465,1745,57,42,29,1346,173,54,13,230,8,1506,7,71,9,438,37,429,337,4,1143,25,53,87,59,5,22,73,3,257,182,1032,103,1606,53,16,6,881,263,307,30,3,525,24,7,76,1130,99,3,1,1,1037,711,7,292,6,35,39,62,652,43,794,2,1004,23,139,35,1660,9,58,74,58,2,14,131,23,22,66,376,661,419,10,105,1760,4,128,896,823,55,88,108,100,40,514,235,527,16,16,49,386,22,60,19,147,90,23,103,30,5,436
C>T,TCC,88,373,2808,2022,31,54,77,541,124,695,7,1,16229,514,700,8,25,125,809,97,543,60979,413,922,10438,6753,14,178,62,520,156,1,11,25,27,514,8,1831,566,1723,142,2,19175,1031,375,95,17,3657,15905,518,366,234,8392,1588,187,549,70,0,656,3,269,40,0,5024,3,2133,2039,2269,222,139,72,1172,2014,3355,1829,95,19732,35,625,16913,1240,2292,100,445,525,3446,4756,2224,383,330,2287,8600,274,205,137,6633,831,260,33,1117,22,7423,30,317,23,2160,184,1844,1664,9,5618,116,236,423,248,11,107,339,8,1265,893,5074,377,7916,232,81,13,4325,1288,1364,147,7,2587,78,18,371,5568,483,6,2,7,5115,3508,17,1425,16,167,96,280,3196,198,3919,5,4950,85,670,90,8166,21,276,293,284,4,65,629,72,108,308,1824,3246,2058,26,514,8625,11,605,4423,4027,232,423,472,482,176,2173,1153,2586,42,42,240,1866,97,285,96,721,425,93,507,123,24,2150
C>T,TCG,748,321,2462,1782,836,372,2068,940,337,3302,176,0,13736,701,615,221,673,3369,766,1018,641,47222,608,696,11430,5783,307,807,1666,393,4218,0,296,652,741,1069,214,2282,1196,1667,188,54,16069,779,283,2583,455,3320,12368,614,1645,861,6337,11441,1315,1381,1900,0,1363,86,943,1093,0,3891,77,3090,1712,4436,207,634,423,1233,2112,4274,2975,920,15092,927,726,13422,1307,3951,475,335,844,3083,4452,1740,395,725,1831,6843,439,248,298,5426,1305,336,886,1329,589,5973,106,1196,586,1741,139,9251,1257,217,4399,303,826,534,1384,215,81,876,226,955,870,4492,4161,6416,970,61,329,4013,1211,5306,111,178,1953,1221,475,341,4459,567,153,63,5,3861,2649,471,1577,429,345,2480,936,3083,419,2959,131,3925,825,860,2446,6958,484,524,2354,214,109,115,1038,1299,81,774,2242,2939,1917,694,543,7506,292,1191,3340,4052,1322,646,2063,722,695,12139,1007,2440,1149,1141,296,2497,372,486,72,624,841,608,398,757,18,1649
C>T,TCT,144,788,5924,4266,15,93,36,1111,248,1298,3,0,34274,1066,1475,4,12,58,1701,145,1135,129055,855,1952,21882,14256,10,335,29,1101,73,1,5,12,13,1045,4,3822,1150,3624,295,1,40505,2184,793,45,8,7709,33659,1081,690,453,17770,2720,321,1102,33,0,1334,1,522,19,0,10633,1,4425,4306,4635,465,261,130,2460,4229,6995,3772,148,41771,16,1306,35774,2602,4715,184,938,1083,7266,10018,4703,804,668,4834,18188,566,428,278,14019,1716,542,16,2335,10,15695,59,611,11,4568,390,3413,3524,4,11874,232,459,883,448,6,227,679,4,2677,1878,10702,555,16736,442,172,6,9111,2713,2620,311,3,5478,91,9,783,11775,1009,3,1,14,10827,7428,8,2985,8,339,46,548,6726,398,8298,2,10471,131,1395,42,17242,10,565,486,600,2,133,1296,74,228,617,3809,6840,4334,12,1079,18183,5,1234,9366,8462,419,874,893,998,337,3942,2433,5446,20,20,501,3881,186,586,203,1521,866,164,1073,218,50,4552
T>A,ATA,15,22,164,118,13,8,33,38,11,78,3,0,938,34,41,3,11,53,48,19,34,3464,28,52,640,392,5,20,26,29,66,0,5,10,12,39,3,116,43,103,9,1,1107,58,21,41,7,215,904,33,40,23,475,234,27,45,30,0,49,1,26,17,0,285,1,141,118,167,13,15,9,71,122,214,126,17,1119,15,39,965,75,161,11,26,36,202,281,127,23,25,131,491,19,13,10,381,56,17,14,70,9,425,3,31,9,124,10,215,94,4,321,10,23,27,31,4,6,28,4,72,53,296,76,454,24,5,5,255,76,137,8,3,146,21,8,22,318,30,3,1,0,290,198,7,88,7,13,40,26,190,15,222,2,283,16,43,39,473,8,20,47,16,2,5,44,22,6,25,115,191,121,11,31,504,5,45,250,242,29,29,51,32,18,271,67,153,18,18,15,121,10,20,5,42,31,13,29,16,1,122
T>A,ATC,22,19,147,107,23,13,56,40,13,106,5,1,835,36,40,6,18,90,45,29,33,3028,29,46,604,351,9,26,45,26,113,2,9,19,20,44,7,114,49,96,9,2,985,51,21,69,13,194,791,33,53,31,413,342,40,53,51,1,55,2,34,30,0,250,2,143,105,182,15,21,13,67,114,210,132,26,977,26,38,848,71,170,17,28,39,183,256,113,22,29,119,433,19,13,12,337,58,17,25,67,16,374,4,40,18,109,9,293,82,8,298,11,29,27,45,13,5,33,6,64,49,267,118,400,32,4,12,232,70,179,7,5,129,34,14,20,281,29,6,2,1,256,173,13,84,12,14,76,32,174,22,193,4,248,24,44,66,422,19,22,70,16,3,6,46,36,6,30,112,175,110,19,30,475,8,49,218,226,41,30,67,34,24,378,61,140,31,31,15,123,12,21,5,38,35,19,26,24,1,107
T>A,ATG,3,6,44,33,2,3,5,10,3,17,1,1,253,11,14,1,2,9,14,3,9,942,8,15,168,107,2,4,5,8,11,2,2,3,2,11,1,30,11,29,2,1,300,16,8,7,2,58,246,10,9,6,130,45,6,11,5,1,12,0,7,3,0,78,0,36,32,41,6,3,2,19,32,55,32,3,307,3,10,262,20,40,4,12,10,55,75,36,6,7,39,135,5,3,2,103,14,5,3,18,1,115,1,7,3,34,3,44,26,2,101,2,6,7,8,6,2,7,1,21,14,80,14,123,5,1,3,68,21,31,2,0,42,4,2,6,87,8,2,0,0,83,55,1,24,1,3,14,6,51,8,61,0,77,3,12,6,128,6,5,9,6,0,2,11,4,2,6,30,53,32,2,9,156,1,11,68,66,6,7,11,9,4,56,18,41,3,3,4,34,2,5,2,12,8,3,8,4,1,33
T>A,ATT,36,138,1036,747,16,22,38,202,47,270,4,1,5986,192,260,4,13,62,299,40,201,22470,154,340,3863,2492,7,69,31,192,78,1,6,13,14,193,4,679,213,637,53,1,7073,380,139,48,9,1350,5861,192,142,90,3092,636,75,208,35,0,246,2,103,20,0,1851,1,793,752,850,83,54,29,434,745,1245,682,39,7271,18,231,6234,459,856,39,166,196,1272,1756,820,141,124,845,3171,102,76,51,2445,309,97,17,414,11,2736,12,121,12,796,68,719,613,5,2077,44,91,157,98,8,39,128,4,467,330,1873,158,2918,90,30,8,1597,476,525,54,3,954,35,10,137,2053,179,4,1,3,1886,1293,9,528,8,63,51,107,1181,76,1444,2,1825,35,249,45,3012,12,103,119,105,2,25,235,33,40,116,676,1199,760,13,190,3192,5,226,1629,1489,91,158,183,180,68,854,426,955,21,21,89,694,37,106,35,266,159,37,187,49,9,792
T>A,CTA,1,7,56,40,0,1,1,11,3,13,0,0,323,11,15,0,0,1,16,1,11,1217,8,19,207,135,0,3,1,10,1,0,0,0,0,10,0,36,11,34,3,0,382,21,8,1,0,73,317,10,7,5,168,27,3,11,1,0,13,0,5,0,0,100,0,42,41,44,5,3,1,23,40,66,36,1,394,0,12,337,25,45,2,10,10,69,94,45,8,6,46,172,5,4,3,132,16,5,0,22,0,148,1,6,1,43,4,33,33,0,115,2,5,8,5,1,2,7,0,26,18,101,6,158,4,2,1,86,26,26,3,0,52,1,0,7,111,10,0,0,0,103,70,0,28,0,3,2,5,63,5,78,0,99,1,13,1,163,1,5,5,6,0,1,12,1,2,6,36,65,41,0,10,176,0,12,88,80,4,8,9,10,3,39,23,51,0,0,5,37,2,6,2,14,8,2,10,2,1,43
T>A,CTC,7,4,34,27,8,6,19,11,5,34,3,3,190,14,15,2,6,30,14,9,8,681,9,11,146,84,5,8,16,6,38,4,5,8,7,15,3,29,15,25,2,1,229,12,10,23,6,45,178,10,16,11,93,107,14,17,17,2,15,1,12,10,1,56,1,36,24,49,8,6,4,17,27,52,36,8,224,11,10,191,17,45,9,16,12,44,60,30,5,9,33,101,5,3,3,76,15,6,10,17,5,84,3,12,10,25,2,89,18,6,97,3,10,7,18,16,1,10,2,17,12,63,38,90,10,1,8,54,17,56,2,2,32,12,7,5,65,8,5,1,1,66,40,4,22,4,4,41,9,41,16,45,1,56,9,14,22,97,16,6,23,6,1,3,13,12,2,9,28,45,26,6,8,153,3,13,49,57,14,8,20,11,8,118,15,33,10,10,4,36,4,5,1,10,10,6,7,8,1,24
T>A,CTG,2,3,24,18,2,2,4,5,2,11,1,1,136,7,9,0,1,6,8,2,5,506,4,8,92,58,1,3,3,5,8,2,2,2,1,7,1,17,7,16,1,0,163,9,6,5,2,31,132,6,5,4,70,29,4,7,4,1,7,0,5,2,0,42,0,20,17,23,4,2,1,11,18,30,18,2,165,3,6,140,11,22,3,8,6,30,41,20,3,4,22,73,3,2,1,55,8,3,2,10,1,62,1,4,3,18,2,27,14,2,61,1,4,4,6,6,1,4,0,12,8,44,9,66,3,1,3,37,11,19,1,0,23,3,2,3,47,5,2,0,0,46,30,1,13,1,2,12,3,27,7,33,0,41,2,7,5,69,6,3,6,4,0,1,6,3,1,4,16,30,18,1,5,94,1,6,37,37,4,4,7,6,3,35,10,22,2,2,2,20,1,3,1,7,5,2,5,2,0,18
T>A,CTT,4,14,106,78,3,4,7,22,6,32,1,1,613,23,30,1,2,10,33,5,21,2299,17,35,399,257,2,8,6,20,13,2,2,3,2,22,1,71,24,67,5,1,727,39,17,8,3,139,600,21,16,11,317,77,10,24,6,1,26,0,13,4,0,190,0,83,77,90,11,6,3,45,77,129,73,5,746,4,24,638,48,90,7,23,22,131,180,86,15,14,90,326,11,8,5,250,32,11,4,43,2,280,2,14,4,82,7,83,63,3,230,5,11,17,14,8,4,14,1,50,34,193,21,299,10,3,4,164,49,61,6,1,100,5,3,14,211,19,2,0,1,198,133,1,56,2,7,18,12,122,14,148,0,187,5,27,8,309,8,11,15,12,0,3,25,5,4,13,70,126,78,2,20,353,1,24,167,156,11,17,21,20,8,101,44,98,3,4,9,76,4,11,4,28,17,5,20,6,1,81
T>A,GTA,3,5,36,27,3,2,7,9,3,18,1,1,206,9,10,1,2,12,11,4,8,762,6,12,141,87,2,4,6,7,15,1,2,3,3,9,1,26,10,23,2,0,244,13,6,9,2,47,199,8,9,6,104,52,6,10,7,0,11,0,6,4,0,63,0,31,26,37,4,3,2,16,27,47,28,4,247,4,9,212,17,36,3,8,8,45,62,29,5,6,30,109,4,3,2,84,12,4,4,15,2,93,1,7,3,27,2,48,21,2,78,2,5,6,8,4,1,6,1,17,12,65,17,100,5,1,2,56,17,31,2,1,33,5,2,5,70,7,1,0,0,66,44,2,20,2,3,13,6,42,6,49,0,62,4,10,9,104,4,4,11,4,0,1,10,5,1,6,25,43,27,2,7,121,1,10,55,54,7,6,11,8,4,61,15,34,4,4,3,28,2,4,1,9,7,3,7,4,0,27
T>A,GTC,5,5,41,31,5,4,11,11,4,25,2,1,235,12,14,1,4,18,14,6,9,865,8,14,165,100,3,6,9,8,23,2,3,5,4,12,2,31,13,28,2,1,280,15,8,14,4,54,225,10,12,8,119,74,9,14,10,1,14,0,9,6,0,71,0,37,30,46,6,5,3,19,31,56,35,6,282,6,10,241,19,44,6,12,11,52,71,34,6,8,37,125,5,4,3,95,15,5,6,18,3,106,2,9,6,31,3,65,23,3,98,3,8,8,12,9,2,8,1,20,14,75,25,113,7,1,5,64,20,43,2,1,39,7,4,6,81,8,3,1,1,77,50,3,24,3,4,23,8,48,10,56,1,71,6,13,13,119,9,5,15,6,1,2,12,8,2,8,30,51,31,4,9,153,2,12,62,64,10,8,15,10,6,84,17,39,6,6,4,35,3,5,1,11,9,4,8,5,1,31
T>A,GTG,6,2,16,13,7,4,16,7,3,25,2,1,91,8,7,2,5,25,7,8,5,311,5,5,78,40,3,6,13,3,32,2,3,6,6,9,2,16,10,13,1,1,109,6,5,19,5,22,81,6,12,8,42,85,10,11,14,1,10,1,8,8,0,26,1,22,11,32,4,5,3,9,14,30,22,7,101,8,5,88,9,28,5,8,7,21,30,14,3,6,16,47,3,2,2,36,9,3,8,9,4,39,1,9,7,12,1,68,8,4,45,2,7,4,12,8,1,7,2,8,6,31,31,42,7,1,5,27,9,41,1,1,15,9,5,2,30,4,3,1,0,30,18,4,12,3,3,28,7,21,8,20,1,26,7,7,19,47,9,4,18,3,1,1,8,10,1,6,15,22,13,5,4,74,2,9,22,30,10,5,15,6,6,91,7,17,9,9,2,21,3,3,1,5,6,5,3,6,0,11
T>A,GTT,5,15,116,85,4,5,9,24,7,37,1,2,666,25,33,1,3,14,36,7,23,2494,19,38,436,280,3,9,7,22,17,3,3,4,3,25,2,78,27,73,6,1,790,43,19,11,3,151,650,24,19,13,343,92,12,27,8,1,30,0,15,5,1,206,0,91,84,100,13,7,4,49,84,142,80,6,810,5,27,692,52,100,8,26,24,143,196,94,16,15,99,354,12,9,6,272,36,12,5,47,2,304,2,15,5,89,8,96,68,4,252,5,13,18,16,10,4,16,1,54,37,210,26,324,12,3,5,179,54,70,6,1,108,7,4,15,229,21,3,1,1,215,144,2,61,2,8,23,13,132,16,161,1,203,6,30,10,336,10,12,18,14,0,4,28,7,5,15,77,138,85,3,22,388,1,27,181,170,13,19,24,22,10,118,48,107,5,5,10,83,5,12,4,30,19,5,21,7,1,88
T>A,TTA,50,57,429,309,49,26,122,108,32,254,10,0,2450,93,107,13,40,198,127,66,92,8965,77,135,1719,1024,18,63,98,76,248,0,18,39,44,113,13,317,125,272,25,3,2886,151,55,152,27,564,2341,88,129,72,1225,795,92,133,112,0,143,5,80,64,0,739,5,393,307,481,35,49,31,190,326,585,355,60,2891,55,105,2504,201,457,37,66,101,529,741,328,62,74,340,1275,53,35,31,991,158,46,52,190,35,1104,9,99,35,321,27,701,243,13,831,29,70,74,102,14,16,84,13,185,141,777,268,1179,78,12,20,672,201,435,21,10,378,75,28,58,827,82,9,4,1,747,512,28,236,25,36,148,81,503,45,572,8,733,54,118,144,1235,30,58,160,42,6,13,123,79,16,75,314,501,320,41,84,1318,17,129,646,644,97,80,163,90,57,895,176,404,68,67,41,333,31,56,14,110,91,43,75,55,3,315
T>A,TTC,2,8,58,43,2,3,3,12,4,17,1,1,337,13,17,0,1,5,18,3,12,1265,9,20,219,142,1,4,3,11,6,2,1,2,1,12,1,39,13,37,3,0,400,22,10,4,2,76,330,12,9,7,174,41,5,13,3,1,15,0,7,2,0,104,0,45,42,49,7,3,2,25,42,71,40,3,411,2,13,351,26,49,4,14,12,72,99,48,8,8,51,180,6,4,3,138,18,6,2,24,1,154,1,7,3,45,4,44,35,2,131,3,6,9,8,6,2,8,0,28,19,106,11,164,5,2,3,90,27,33,3,0,55,3,2,8,116,10,2,0,0,110,73,1,31,1,4,12,6,67,9,82,0,103,3,15,4,170,6,6,8,7,0,2,14,3,2,7,38,70,43,1,11,200,0,13,92,86,6,9,11,11,5,54,24,54,2,2,5,42,2,6,2,15,9,2,11,3,1,45
T>A,TTG,1,4,33,24,0,1,1,6,2,9,0,0,192,7,9,0,0,2,10,1,6,722,5,11,124,80,0,2,1,6,2,1,0,1,0,7,0,22,7,21,2,0,228,12,5,1,1,43,188,7,4,3,99,19,2,7,1,0,8,0,4,1,0,59,0,25,24,27,3,2,1,14,24,40,22,1,234,1,7,200,15,27,2,7,7,41,56,27,5,4,28,102,3,2,2,78,10,3,1,13,0,88,1,4,1,26,2,22,20,1,72,1,3,5,4,2,1,4,0,16,11,60,5,94,3,1,1,51,15,17,2,0,31,1,1,4,66,6,1,0,0,62,42,0,17,0,2,4,3,38,4,47,0,59,1,8,1,97,2,3,4,4,0,1,8,1,1,4,22,39,24,0,6,109,0,7,52,48,3,5,6,6,2,26,14,31,1,1,3,23,1,3,1,9,5,1,6,2,0,26
T>A,TTT,14,18,133,97,14,8,34,33,10,74,3,1,763,30,35,4,11,55,40,19,28,2802,24,42,530,319,6,18,27,24,68,1,5,11,12,34,4,97,38,85,8,1,900,47,19,42,8,175,732,28,37,22,383,226,26,40,31,0,43,1,24,18,0,231,1,119,96,144,12,14,9,59,101,179,108,17,905,16,32,782,62,138,12,23,31,165,230,104,19,22,108,399,16,11,9,309,48,14,15,58,10,344,3,29,11,100,8,202,76,5,267,9,21,23,30,7,5,25,4,59,44,242,75,368,22,4,7,209,63,127,7,3,119,21,8,18,258,25,3,1,1,236,160,8,73,7,11,45,24,156,16,179,2,229,16,37,40,385,11,17,45,14,2,4,37,22,5,22,96,157,99,11,26,421,5,39,202,200,28,24,47,28,17,257,55,125,19,19,13,103,9,17,4,34,27,12,24,16,1,99
T>C,ATA,99,370,2783,2005,45,60,111,544,127,737,10,1,16081,514,694,12,36,181,803,112,541,60346,414,912,10389,6693,19,188,90,515,226,1,16,36,40,520,12,1828,574,1711,142,3,18998,1020,371,139,25,3628,15741,516,387,244,8302,1751,205,560,102,0,664,5,279,59,0,4972,4,2136,2020,2293,220,147,78,1166,2003,3349,1837,109,19524,50,622,16743,1233,2307,106,440,527,3417,4720,2201,380,335,2265,8514,275,205,139,6569,834,260,48,1114,32,7349,32,330,32,2139,182,1962,1646,13,5561,119,245,423,266,15,106,346,12,1251,887,5031,441,7839,244,80,19,4291,1279,1425,145,10,2560,97,26,368,5513,481,9,3,7,5060,3470,25,1418,23,169,137,290,3173,201,3877,7,4901,97,669,131,8092,29,279,327,281,6,65,632,93,107,314,1820,3220,2042,37,511,8550,16,611,4376,4001,250,424,497,483,184,2334,1143,2567,62,61,240,1865,101,286,95,714,429,102,502,133,23,2128
T>C,ATC,47,219,1652,1190,12,30,30,315,72,389,3,1,9551,301,412,3,10,49,475,50,318,35919,241,543,6124,3974,6,100,25,306,62,1,5,10,11,298,3,1072,328,1012,83,1,11286,608,221,38,7,2151,9368,303,206,133,4944,860,101,317,28,0,380,1,153,16,0,2960,1,1246,1200,1317,131,78,40,688,1182,1964,1066,50,11625,14,366,9960,728,1334,56,263,306,2027,2796,1310,225,191,1347,5065,160,120,79,3905,484,152,13,655,9,4371,17,180,9,1272,108,1029,981,4,3310,67,135,248,137,6,63,195,3,745,525,2985,194,4661,131,48,6,2542,757,773,87,3,1525,37,7,218,3279,283,3,1,4,3014,2067,7,836,6,97,40,160,1878,115,2309,2,2915,44,392,36,4805,9,160,157,168,2,38,366,33,63,177,1068,1909,1210,10,302,5077,4,351,2606,2365,128,247,266,282,100,1203,678,1520,17,17,141,1092,55,166,57,424,246,51,299,67,14,1267
T>C,ATG,14,48,359,259,7,9,17,71,17,99,2,1,2075,68,91,2,6,28,104,16,70,7781,54,118,1345,864,3,25,14,66,35,1,3,6,6,69,2,237,75,222,18,1,2452,132,49,22,4,469,2030,67,52,33,1070,241,28,74,16,0,87,1,37,9,0,641,1,278,261,300,29,20,11,151,259,434,240,15,2518,8,81,2159,160,301,15,59,69,441,610,285,49,44,293,1099,36,27,18,847,108,34,8,144,5,948,4,44,6,276,23,265,212,3,723,16,33,55,37,4,14,46,2,162,115,650,63,1011,33,10,4,554,165,191,19,1,331,14,4,48,711,62,2,1,1,654,448,4,184,4,22,24,38,410,28,500,1,632,14,87,21,1045,6,36,45,37,1,9,82,14,14,41,236,417,264,6,66,1112,2,80,564,518,34,55,67,63,25,317,148,332,10,10,31,243,13,37,12,92,56,14,65,18,3,274
T>C,ATT,46,227,1710,1232,10,30,24,324,73,393,2,1,9890,310,427,3,8,38,492,48,329,37210,249,563,6331,4115,5,101,19,317,48,1,4,8,8,306,3,1108,337,1048,86,1,11687,630,229,29,6,2226,9705,314,208,135,5123,852,100,324,22,0,390,1,156,13,0,3066,1,1285,1242,1354,135,79,40,712,1223,2028,1098,48,12043,11,378,10317,753,1374,56,272,315,2098,2893,1357,232,196,1395,5246,165,124,81,4044,499,157,10,676,7,4527,18,182,8,1318,112,1035,1016,3,3429,68,137,256,138,5,65,200,3,772,543,3090,186,4827,133,50,5,2631,784,784,90,2,1580,34,6,226,3396,292,2,1,4,3123,2141,5,864,5,99,32,163,1943,118,2392,1,3020,43,405,28,4976,8,165,154,174,1,39,377,29,66,182,1104,1976,1252,8,312,5256,3,361,2700,2447,128,254,269,290,101,1206,702,1573,13,13,145,1127,55,171,59,439,253,51,310,67,14,1312
T>C,CTA,11,32,245,176,7,7,17,50,12,75,2,0,1411,46,61,2,6,28,71,13,48,5280,37,80,921,588,3,19,14,45,35,0,3,6,6,48,2,163,53,151,13,0,1667,89,33,21,4,319,1377,46,39,24,726,191,22,53,16,0,61,1,27,9,0,435,1,192,177,211,20,15,8,103,177,299,167,13,1708,8,55,1466,109,210,11,39,48,301,416,193,34,31,199,746,25,18,13,576,75,23,7,99,5,644,3,32,5,187,16,201,144,2,488,11,24,38,28,3,9,33,2,110,78,442,53,687,24,7,3,378,113,141,13,1,224,13,4,32,483,43,1,1,1,443,303,4,126,4,16,22,28,280,19,339,1,429,11,60,20,710,5,26,37,25,1,6,57,13,9,29,162,283,180,6,45,753,2,56,383,354,26,38,50,44,18,243,100,226,10,9,21,167,10,26,8,63,39,11,44,14,2,186
T>C,CTC,20,36,275,199,17,12,40,61,17,113,4,1,1579,56,71,4,13,66,81,25,56,5862,45,89,1058,659,7,28,33,50,82,1,7,14,14,61,5,190,68,172,15,1,1864,99,38,50,10,360,1530,54,58,35,804,320,38,69,37,1,77,2,39,21,0,483,2,229,198,262,24,22,13,118,203,350,202,23,1895,19,64,1631,125,256,17,46,58,338,470,216,38,40,223,831,30,21,16,642,91,28,18,115,11,717,5,46,13,209,18,305,159,6,552,15,34,44,45,9,10,43,4,122,89,497,100,765,35,8,8,426,128,202,14,3,249,27,10,37,538,50,4,1,1,493,336,9,145,9,20,55,39,317,27,376,3,477,21,71,48,796,13,32,63,28,2,8,70,27,10,39,189,321,203,14,52,858,6,70,424,404,41,46,73,53,27,381,113,256,22,22,25,199,14,32,9,71,49,18,49,23,2,207
T>C,CTG,3,15,111,80,1,2,3,21,5,27,0,0,641,21,28,0,1,4,32,4,21,2412,16,37,412,267,1,7,2,21,5,0,1,1,1,20,0,72,22,68,6,0,759,41,15,3,1,145,629,21,14,9,332,60,7,22,2,0,26,0,11,1,0,199,0,84,81,89,9,5,3,46,80,132,72,4,781,1,25,669,49,90,4,19,21,136,188,88,15,13,91,340,11,8,5,262,33,10,1,44,1,293,1,12,1,85,7,71,66,1,226,5,9,17,10,2,4,13,0,50,35,201,14,313,9,3,1,171,51,53,6,0,103,3,1,15,220,19,1,0,0,203,139,1,56,1,7,5,11,126,9,155,0,196,3,27,3,323,2,11,11,12,0,3,25,3,4,12,72,129,81,1,20,346,0,24,175,160,9,17,18,19,7,84,46,102,1,1,9,74,4,11,4,29,17,4,20,5,1,85
T>C,CTT,22,72,546,393,12,13,29,108,26,154,3,0,3151,102,136,3,9,47,158,25,107,11810,82,178,2045,1312,5,39,23,101,59,0,4,9,10,104,3,361,115,336,28,1,3722,200,73,36,7,712,3081,102,80,50,1624,378,44,113,26,0,133,1,57,15,0,973,1,423,396,458,43,31,17,229,394,661,365,24,3821,13,123,3278,243,459,22,87,105,670,926,431,75,67,444,1667,55,40,28,1287,165,51,12,220,8,1439,7,68,9,419,36,411,322,3,1090,24,50,83,56,4,21,70,3,245,174,987,100,1535,50,16,5,842,251,294,28,2,501,23,7,72,1080,95,2,1,1,990,679,7,279,6,34,36,59,623,41,758,2,959,22,132,34,1586,8,56,71,55,2,13,126,23,21,63,359,632,401,10,101,1678,4,122,856,787,53,84,103,96,38,494,224,504,16,16,47,369,21,57,19,140,86,22,98,28,5,416
T>C,GTA,183,612,4607,3319,97,107,239,914,217,1294,21,1,26602,856,1148,26,78,390,1329,212,900,99705,691,1506,17258,11073,39,329,193,850,488,1,35,76,86,878,25,3044,969,2835,236,6,31422,1685,612,299,53,6007,26009,858,677,422,13712,3177,372,952,220,0,1121,10,481,127,0,8215,9,3570,3341,3863,364,257,139,1935,3325,5581,3079,203,32252,108,1035,27672,2047,3872,185,726,883,5657,7821,3636,631,566,3742,14072,461,340,235,10861,1396,433,103,1853,68,12149,54,572,69,3536,301,3461,2719,26,9184,202,423,704,473,28,175,589,26,2066,1470,8328,837,12960,425,133,39,7109,2119,2472,240,21,4227,193,56,610,9113,800,19,7,11,8356,5732,54,2356,50,285,291,499,5260,337,6403,15,8099,182,1114,283,13388,59,469,599,464,13,110,1060,188,176,533,3030,5330,3383,80,849,14142,34,1030,7227,6637,444,709,869,808,319,4148,1891,4254,133,132,399,3110,175,480,157,1182,723,183,830,238,38,3515
T>C,GTC,173,884,6650,4789,30,110,74,1255,282,1502,6,0,38467,1200,1655,8,24,120,1910,179,1277,144770,964,2189,24602,16001,15,387,59,1235,150,0,11,23,26,1183,8,4301,1302,4070,333,2,45457,2449,888,92,16,8656,37758,1216,797,519,19931,3222,379,1251,68,0,1511,3,597,39,0,11928,3,4987,4833,5244,522,301,152,2765,4753,7875,4258,180,46855,33,1469,40136,2925,5325,213,1052,1221,8157,11251,5276,903,757,5423,20406,639,482,315,15731,1936,610,32,2628,21,17610,67,701,21,5125,437,3959,3953,8,13318,264,526,993,522,9,254,772,8,3003,2110,12015,688,18779,509,193,12,10231,3047,3010,349,6,6144,122,17,879,13211,1135,6,2,16,12143,8331,17,3356,15,384,90,627,7555,450,9307,5,11748,160,1571,87,19353,18,639,580,673,4,150,1463,103,255,701,4286,7680,4868,25,1212,20407,10,1396,10505,9508,489,986,1031,1125,387,4597,2731,6117,41,41,564,4371,213,661,228,1707,980,193,1203,255,56,5106
T>C,GTG,31,169,1273,917,4,21,9,239,54,281,1,0,7366,230,318,1,3,15,366,32,244,27731,184,419,4705,3064,2,72,8,237,19,0,2,3,3,225,1,822,248,779,64,0,8705,469,171,12,2,1657,7233,233,149,98,3818,593,70,238,9,0,287,0,113,5,0,2285,0,952,925,998,100,56,28,529,909,1504,812,32,8976,4,281,7687,559,1015,40,203,233,1562,2153,1011,173,144,1039,3909,122,92,60,3013,369,117,4,502,3,3373,13,132,3,982,84,740,757,1,2555,50,99,190,98,3,49,146,1,576,404,2300,123,3596,96,37,2,1958,583,567,67,1,1177,21,2,168,2531,217,1,0,3,2327,1596,2,642,2,73,13,118,1446,87,1783,1,2250,29,300,11,3706,4,122,106,129,0,29,279,17,49,133,819,1471,932,3,232,3912,1,266,2013,1820,91,188,193,215,73,856,523,1171,5,5,108,835,40,126,44,327,187,36,231,47,11,978
T>C,GTT,158,783,5893,4244,33,100,82,1116,252,1353,7,0,34085,1066,1467,9,27,133,1694,166,1133,128241,856,1939,21821,14179,16,348,66,1094,166,0,12,26,29,1053,9,3817,1160,3608,295,2,40277,2170,787,102,18,7672,33448,1079,717,465,17654,2936,346,1116,75,0,1345,3,535,43,0,10566,3,4430,4282,4667,463,271,138,2452,4215,6989,3784,166,41504,37,1304,35556,2594,4735,192,932,1086,7229,9972,4674,801,675,4805,18078,568,428,280,13937,1721,542,35,2331,23,15601,60,629,24,4541,387,3570,3501,9,11799,235,471,882,472,10,225,689,9,2660,1871,10647,640,16637,457,171,14,9069,2701,2700,309,7,5442,117,19,779,11704,1007,6,3,14,10756,7380,19,2977,17,342,100,561,6697,402,8244,5,10407,148,1394,96,17148,20,568,531,596,4,134,1300,101,226,626,3804,6807,4314,27,1075,18086,12,1243,9305,8430,442,876,927,1000,347,4156,2420,5422,45,45,501,3880,191,588,202,1513,872,175,1066,232,49,4523
T>C,TTA,62,288,2165,1559,17,39,42,413,94,513,4,0,12521,393,539,4,14,68,623,66,417,47084,316,712,8031,5209,8,132,34,402,85,0,6,13,15,391,4,1407,430,1327,109,1,14795,796,289,52,9,2819,12281,397,271,175,6481,1138,134,416,38,0,499,2,201,22,0,3879,2,1635,1573,1729,170,103,53,902,1551,2576,1399,66,15237,19,480,13056,954,1751,73,343,401,2657,3666,1716,295,251,1765,6638,210,158,104,5119,636,200,18,859,12,5729,23,236,12,1668,142,1356,1285,5,4334,88,177,325,181,5,83,256,5,977,688,3913,258,6110,173,63,7,3333,993,1016,113,4,1998,50,10,286,4298,371,3,1,5,3949,2709,9,1096,9,127,51,210,2462,149,3026,3,3822,59,514,49,6300,11,210,207,219,2,49,481,45,83,233,1401,2502,1586,14,396,6647,6,460,3416,3101,169,324,350,369,131,1587,889,1993,23,23,184,1431,72,217,74,556,323,67,392,89,18,1660
T>C,TTC,66,209,1574,1133,38,38,94,315,75,458,8,0,9083,294,392,10,31,153,454,78,308,34017,238,514,5908,3781,15,116,76,290,191,0,13,30,34,303,10,1044,335,969,81,2,10728,575,209,117,21,2052,8874,294,239,148,4677,1146,134,330,86,0,388,4,168,50,0,2803,3,1227,1141,1334,124,91,50,662,1138,1914,1060,74,11002,42,354,9443,700,1334,65,247,304,1933,2673,1240,216,196,1277,4802,159,117,81,3707,480,148,40,635,27,4146,19,201,27,1207,103,1228,928,10,3132,70,148,241,168,10,60,205,10,705,503,2845,309,4423,150,45,15,2429,724,869,82,8,1442,73,22,209,3110,274,7,3,4,2850,1955,21,807,19,98,113,175,1798,116,2184,6,2764,66,382,111,4571,22,162,217,158,5,38,365,72,60,185,1039,1821,1156,31,290,4827,13,356,2465,2270,158,244,307,278,112,1478,646,1454,52,52,137,1067,61,166,53,404,250,66,283,85,13,1199
T>C,TTG,13,57,426,307,5,8,11,82,19,105,1,0,2464,78,106,1,4,19,123,15,82,9257,63,140,1584,1025,2,27,9,79,23,0,2,4,4,78,1,278,86,261,22,0,2911,157,57,14,3,555,2415,79,55,36,1274,240,28,83,11,0,99,0,41,6,0,763,0,324,309,344,34,21,11,178,306,509,278,14,2996,5,95,2568,188,348,15,67,80,523,722,338,58,50,347,1306,42,31,21,1007,126,40,5,170,3,1127,5,48,3,328,28,279,253,1,853,18,36,64,37,2,16,51,1,192,136,770,57,1202,35,12,2,656,196,207,22,1,393,12,3,56,845,73,1,0,1,776,533,3,216,2,25,14,43,485,30,595,1,752,13,102,14,1240,3,42,44,43,1,10,95,11,16,47,277,493,312,4,78,1309,2,92,671,611,35,64,72,73,27,329,175,393,6,6,36,283,15,43,15,109,64,14,77,19,4,326
T>C,TTT,121,219,1652,1191,101,65,250,366,96,685,21,0,9500,328,412,27,81,408,481,153,336,35245,268,531,6377,3960,38,172,202,300,510,0,36,79,90,366,26,1147,405,1030,90,7,11208,594,216,312,55,2164,9198,321,351,205,4834,1965,228,415,230,0,467,10,230,132,0,2904,9,1380,1192,1586,131,134,79,711,1221,2111,1217,142,11385,112,386,9809,752,1548,98,255,348,2034,2828,1287,231,239,1327,4989,182,128,99,3863,548,164,107,693,71,4313,26,281,71,1256,106,1868,959,26,3250,89,202,266,265,27,62,259,27,728,534,2990,615,4605,215,47,40,2568,766,1224,85,22,1490,164,58,220,3233,299,19,8,4,2945,2021,57,872,52,118,301,236,1910,141,2257,16,2871,127,422,296,4785,59,191,387,163,13,44,420,169,62,233,1139,1919,1222,84,312,5066,35,424,2548,2423,251,277,447,314,159,2328,678,1540,139,138,150,1186,86,192,55,423,298,109,294,139,14,1241
T>G,ATA,17,94,708,510,1,11,3,133,30,153,0,0,4098,128,177,0,1,5,204,17,136,15436,102,234,2615,1705,1,40,2,132,6,1,1,1,1,125,0,457,137,434,35,0,4844,261,96,3,1,922,4026,129,82,54,2126,318,38,131,3,0,159,0,62,2,0,1272,0,528,515,552,56,31,15,294,505,835,450,17,4997,2,156,4278,311,562,22,114,129,869,1198,563,96,80,579,2176,68,51,33,1677,205,65,1,279,1,1877,7,72,1,546,47,402,422,1,1424,28,55,106,53,2,27,81,0,321,225,1280,64,2001,52,21,1,1089,324,311,37,0,656,10,1,94,1408,121,1,0,2,1296,889,1,357,1,40,6,65,804,49,993,0,1252,15,167,3,2062,2,67,57,72,0,16,155,8,27,74,455,819,518,1,129,2180,0,147,1120,1012,49,104,106,119,40,464,291,651,2,2,60,464,22,70,24,182,103,19,128,26,6,544
T>G,ATC,16,93,702,506,1,11,1,131,29,150,0,0,4064,126,175,0,0,2,202,16,134,15311,101,232,2591,1691,1,39,1,131,2,0,0,1,0,123,0,452,135,430,35,0,4804,259,95,1,0,914,3993,128,80,53,2109,307,36,129,1,0,157,0,61,1,0,1262,0,523,511,546,56,30,15,291,501,827,445,16,4956,1,155,4244,308,556,22,112,128,861,1187,558,95,79,574,2158,67,51,33,1663,203,64,1,276,0,1862,7,71,1,542,46,393,418,1,1412,27,54,104,52,2,27,80,0,318,223,1269,60,1985,51,20,1,1080,322,305,37,0,650,9,1,93,1397,119,0,0,2,1286,881,0,354,0,40,3,64,797,48,985,0,1242,14,165,1,2045,2,67,54,72,0,16,153,7,27,72,451,811,514,0,128,2160,0,145,1111,1003,48,103,103,118,39,452,288,645,1,1,59,459,22,69,24,180,102,19,127,25,6,540
T>G,ATG,5,15,110,80,3,3,7,22,6,32,1,0,634,21,29,1,2,11,32,5,22,2373,17,36,412,264,1,8,5,20,14,1,1,3,2,22,1,73,24,68,6,0,749,40,16,8,2,143,619,21,17,11,326,80,10,24,6,0,27,0,12,4,0,196,0,86,80,93,10,6,3,46,79,134,74,5,768,3,25,659,49,93,5,19,22,135,186,87,15,14,90,336,11,8,6,259,34,11,3,44,2,289,2,14,3,84,7,86,65,1,224,5,11,17,13,3,4,14,1,50,35,199,22,309,10,3,2,169,51,61,6,1,101,5,2,15,217,19,1,0,0,200,137,2,57,1,7,11,12,125,10,153,0,193,5,27,8,319,4,11,15,12,0,3,26,5,4,13,72,128,81,2,20,346,1,25,172,159,11,17,21,20,8,104,45,101,4,4,10,76,4,12,4,28,18,5,20,6,1,84
T>G,ATT,133,790,5941,4278,1,88,3,1107,245,1257,0,0,34380,1065,1479,0,1,5,1705,130,1136,129528,854,1959,21907,14299,5,325,2,1105,6,0,1,1,1,1037,0,3821,1142,3632,295,0,40633,2192,796,3,1,7729,33781,1081,670,443,17838,2561,303,1090,3,0,1325,0,511,2,0,10672,0,4417,4320,4608,466,253,125,2464,4235,6993,3760,134,41928,2,1307,35900,2606,4696,178,942,1079,7285,10042,4720,805,663,4851,18252,565,428,275,14066,1712,542,1,2336,1,15749,58,597,1,4584,391,3296,3537,1,11916,229,450,882,430,2,227,671,0,2688,1882,10732,494,16793,431,173,1,9133,2719,2559,312,0,5499,72,1,784,11816,1010,1,0,14,10869,7456,1,2988,1,337,6,539,6740,395,8329,0,10508,119,1395,3,17295,2,562,452,603,0,132,1292,53,229,611,3809,6858,4345,1,1080,18235,0,1227,9402,8478,401,872,869,996,329,3784,2440,5459,2,2,501,3878,181,583,204,1525,861,155,1077,208,50,4569
T>G,CTA,18,105,790,569,0,12,1,147,33,168,0,1,4570,143,198,0,0,1,227,17,151,17218,114,261,2912,1901,1,43,1,147,1,1,1,1,0,138,0,508,152,483,39,0,5402,292,107,1,1,1028,4490,144,89,59,2371,341,41,145,1,0,176,0,69,0,0,1419,0,587,574,613,63,34,17,328,563,930,500,18,5574,1,174,4772,346,624,24,127,144,969,1335,628,107,88,646,2427,75,57,37,1870,228,72,1,311,0,2093,8,79,1,609,52,439,470,1,1590,31,60,117,58,3,30,89,0,358,250,1427,66,2232,57,23,1,1214,362,341,42,0,732,10,1,104,1571,134,1,0,2,1446,991,0,398,0,45,4,72,896,55,1107,0,1397,16,186,1,2299,3,75,60,81,0,18,172,7,30,81,506,913,578,0,144,2433,0,163,1250,1128,54,116,116,133,44,504,324,726,0,0,67,517,24,78,27,203,115,21,143,28,7,607
T>G,CTC,8,22,167,122,5,5,12,34,9,51,1,1,966,34,44,1,4,19,50,9,33,3615,26,55,630,404,3,13,9,31,23,1,3,5,4,34,2,112,37,104,9,1,1142,61,24,14,3,219,943,32,26,17,497,129,16,37,11,1,42,0,19,6,0,298,0,131,121,144,15,10,6,71,121,205,115,9,1171,6,38,1003,75,143,9,31,33,206,284,134,23,22,139,512,17,13,9,394,51,17,6,68,3,441,3,22,5,128,11,136,99,3,346,8,17,26,20,7,6,22,1,76,54,303,36,470,16,5,4,259,77,97,9,1,155,9,4,22,331,29,2,1,1,306,208,3,87,3,11,21,19,192,17,233,1,294,8,42,14,486,7,17,25,18,1,5,39,9,7,20,111,196,123,4,31,533,2,38,262,244,18,26,34,31,13,165,69,155,6,6,15,117,7,18,6,43,27,7,30,10,2,128
T>G,CTG,9,30,223,162,6,7,14,45,12,66,2,2,1284,45,60,1,4,22,66,11,44,4812,34,73,836,537,3,16,11,41,27,2,3,6,5,45,2,148,49,139,11,1,1520,82,33,17,4,291,1255,43,34,23,662,163,20,48,13,1,55,1,26,7,1,397,0,174,161,189,21,13,7,94,161,271,151,11,1559,8,51,1335,99,189,12,42,44,274,378,178,31,28,185,681,22,17,11,524,68,22,7,90,4,586,4,28,7,171,15,174,131,4,464,10,22,35,27,10,8,29,1,102,71,403,44,625,21,7,6,344,103,125,12,1,206,11,5,30,441,39,3,1,1,409,277,3,115,3,14,28,25,254,23,310,1,391,10,56,16,647,11,23,31,24,1,6,52,11,9,27,147,261,163,4,42,714,2,51,349,324,23,35,43,41,17,211,92,206,7,7,19,155,9,23,8,58,36,9,41,13,2,170
T>G,CTT,92,544,4090,2946,1,61,3,762,169,867,0,1,23670,734,1019,0,1,5,1174,90,782,89175,588,1349,15084,9845,4,224,3,761,6,1,1,1,1,715,1,2631,787,2501,203,0,27975,1509,548,4,1,5322,23257,745,462,306,12281,1770,209,751,3,0,913,0,353,2,0,7348,0,3042,2974,3174,321,174,86,1696,2916,4815,2590,93,28866,2,900,24716,1794,3235,123,650,744,5016,6914,3250,554,457,3340,12566,389,295,190,9684,1179,373,2,1609,1,10843,40,412,2,3156,269,2274,2435,1,8208,158,311,608,297,3,157,463,0,1851,1296,7389,342,11561,297,119,2,6288,1872,1765,215,0,3786,51,1,540,8135,695,1,0,10,7483,5133,1,2057,1,232,7,371,4641,273,5734,0,7234,83,961,4,11907,3,387,313,415,0,91,890,37,157,421,2623,4722,2991,1,744,12560,0,845,6473,5838,277,601,599,686,227,2612,1680,3759,2,2,345,2671,125,402,140,1050,593,107,741,143,34,3146
T>G,GTA,11,67,502,362,0,8,1,94,21,107,0,0,2903,91,126,0,0,1,144,11,96,10936,72,166,1850,1208,1,28,1,93,1,1,0,1,0,88,0,323,97,307,25,0,3431,185,68,1,1,653,2852,92,57,38,1506,218,26,93,1,0,112,0,44,0,0,901,0,373,365,390,40,21,11,208,358,591,318,11,3541,1,110,3031,220,397,16,81,92,615,848,399,68,56,411,1542,48,36,23,1188,145,46,1,197,0,1330,5,51,1,387,33,280,299,1,1011,19,38,75,37,2,19,57,0,227,159,906,42,1418,37,15,1,771,230,217,26,0,465,6,1,66,998,85,1,0,1,919,630,0,253,0,29,4,46,569,35,703,0,887,10,118,1,1460,2,47,39,51,0,11,109,5,19,52,322,580,367,0,91,1547,0,104,794,717,34,74,74,84,28,322,206,461,0,0,42,329,15,49,17,129,73,13,91,18,4,386
T>G,GTC,18,108,810,584,1,13,1,151,34,173,0,1,4689,146,203,0,0,2,233,18,155,17664,117,267,2989,1951,1,45,1,151,2,1,1,1,0,142,0,522,156,496,40,0,5542,299,110,1,1,1054,4607,148,92,61,2433,352,42,149,1,0,181,0,71,1,0,1455,0,603,589,629,65,35,17,336,578,954,514,19,5719,1,178,4896,356,641,25,131,148,994,1370,645,110,91,663,2490,77,59,38,1918,234,74,1,319,0,2148,8,82,1,625,53,452,482,1,1632,31,62,121,60,3,31,92,0,367,257,1464,68,2290,59,24,1,1246,371,351,43,0,751,10,1,107,1612,138,1,0,2,1484,1017,0,408,0,46,5,74,919,56,1136,0,1433,17,191,1,2359,3,77,63,83,0,18,177,8,31,84,520,937,593,0,148,2498,0,168,1282,1157,55,119,119,136,45,520,333,745,1,1,68,531,25,80,28,208,118,21,147,29,7,623
T>G,GTG,8,43,321,233,2,7,4,61,15,73,1,2,1857,61,84,0,1,5,94,9,62,6990,47,106,1187,774,2,19,3,60,7,2,2,2,1,59,1,208,64,198,16,1,2197,119,46,4,2,418,1823,60,39,27,963,154,19,62,3,1,73,0,30,2,0,576,0,241,233,253,28,15,7,134,229,380,207,9,2265,3,71,1937,141,257,13,57,60,395,543,257,44,37,266,987,31,23,15,759,93,30,2,127,1,850,4,34,3,247,21,190,191,3,662,13,26,48,28,8,12,37,0,147,102,581,33,906,24,9,4,494,148,147,17,0,299,6,2,43,639,55,2,0,1,592,403,1,163,1,19,15,30,365,28,450,0,567,8,78,4,935,8,31,28,34,0,8,71,5,13,34,207,374,235,1,59,1013,0,68,507,461,24,48,50,56,19,222,132,295,2,2,27,215,10,32,11,83,48,9,59,13,3,247
T>G,GTT,44,264,1983,1429,0,30,0,369,82,419,0,1,11475,357,495,0,0,0,570,43,379,43236,285,654,7311,4774,2,108,0,369,0,1,1,1,0,347,0,1275,381,1213,98,0,13564,732,267,0,1,2580,11276,362,223,148,5955,850,101,364,0,0,442,0,171,0,0,3562,0,1474,1442,1537,157,84,41,822,1413,2333,1255,44,13997,1,436,11983,870,1567,60,317,361,2432,3352,1577,269,221,1621,6093,188,143,92,4695,571,181,1,780,0,5257,20,199,1,1530,131,1096,1181,1,3986,76,150,295,144,4,76,224,0,898,628,3582,163,5605,143,58,2,3048,908,853,104,0,1836,24,1,262,3944,337,1,0,5,3630,2489,0,998,0,112,6,179,2250,135,2781,0,3508,40,466,0,5773,4,187,150,202,0,44,431,17,76,204,1271,2291,1450,0,361,6099,0,409,3138,2831,134,291,289,333,110,1259,814,1822,0,0,167,1296,60,195,68,509,287,52,360,69,17,1525
T>G,TTA,11,67,501,361,0,8,0,93,21,106,0,0,2901,91,126,0,0,0,144,11,96,10932,72,166,1849,1207,1,27,0,93,0,1,0,0,0,88,0,323,97,307,25,0,3430,185,68,0,0,652,2851,92,56,38,1506,215,26,92,0,0,112,0,43,0,0,901,0,373,365,389,40,21,10,208,357,590,318,11,3539,0,110,3030,220,396,16,81,91,615,847,399,68,56,410,1541,48,36,23,1187,144,46,0,197,0,1329,5,50,1,387,33,277,299,1,1011,19,38,75,37,2,19,57,0,227,159,906,41,1417,36,15,1,771,230,216,26,0,465,6,0,66,997,85,1,0,1,919,629,0,252,0,28,3,45,569,35,703,0,887,10,118,0,1460,2,47,38,51,0,11,109,4,19,52,321,580,367,0,91,1546,0,103,794,716,34,74,73,84,28,318,206,461,0,0,42,328,15,49,17,129,73,13,91,18,4,386
T>G,TTC,30,174,1307,942,1,20,3,244,54,279,0,1,7564,236,327,0,1,4,376,30,250,28495,188,431,4823,3147,2,72,2,243,5,1,1,1,1,229,1,842,252,800,65,0,8941,482,176,3,1,1701,7432,239,149,99,3924,573,68,241,2,0,292,0,114,1,0,2348,0,973,950,1016,103,56,28,542,932,1540,829,30,9225,2,288,7898,574,1035,40,209,238,1603,2210,1039,177,147,1068,4016,124,94,61,3095,377,120,1,514,1,3465,13,132,2,1008,86,733,778,1,2628,51,100,194,97,3,50,148,0,592,414,2362,112,3694,96,38,2,2010,599,568,69,0,1210,17,1,173,2600,222,1,0,3,2393,1640,1,658,1,74,7,119,1483,89,1833,0,2312,27,308,3,3806,3,124,102,133,0,29,285,13,50,135,839,1510,956,1,238,4021,0,271,2068,1867,90,192,193,220,73,843,537,1201,1,1,110,855,40,129,45,336,190,35,237,46,11,1005
T>G,TTG,3,6,44,32,2,2,6,10,3,17,1,1,253,10,12,1,2,9,13,3,9,942,7,14,168,106,1,4,5,8,11,1,1,2,2,10,1,30,11,28,2,0,300,16,7,7,2,58,246,9,9,6,129,46,6,11,5,0,12,0,6,3,0,78,0,36,32,41,5,3,2,19,32,55,32,3,305,3,10,262,20,40,3,9,9,54,75,35,6,6,37,134,5,3,3,103,14,5,3,18,2,115,1,7,2,34,3,45,26,1,94,2,5,7,7,3,2,7,1,20,14,80,14,123,5,1,2,68,21,31,2,0,41,4,2,6,87,8,1,0,0,81,54,1,23,1,3,10,6,51,6,61,0,77,3,12,6,128,4,5,9,5,0,1,11,4,2,6,30,52,32,2,8,145,1,11,68,65,6,7,11,9,4,56,18,41,3,3,4,32,2,5,2,11,8,3,8,3,0,33
T>G,TTT,468,2794,21016,15133,0,309,0,3913,864,4434,0,1,121624,3765,5229,0,0,1,6031,457,4017,458240,3019,6931,77486,50583,15,1146,0,3910,1,1,1,1,0,3666,0,13515,4035,12845,1043,0,143743,7755,2813,0,1,27342,119510,3824,2364,1563,63106,9014,1065,3850,0,0,4683,0,1805,0,0,37757,0,15620,15281,16288,1647,892,439,8714,14980,24731,13296,471,148330,1,4623,127004,9217,16604,628,3329,3815,25772,35523,16697,2847,2343,17158,64570,1997,1515,973,49760,6053,1915,1,8263,0,55715,203,2108,1,16216,1384,11623,12515,1,42149,810,1589,3120,1515,3,805,2372,0,9507,6658,37964,1728,59407,1520,611,1,32308,9619,9033,1104,0,19452,250,1,2775,41801,3570,1,0,49,38449,26379,0,10567,0,1190,5,1902,23843,1394,29467,0,37175,418,4932,0,61183,3,1986,1590,2132,0,468,4567,182,809,2158,13472,24260,15370,0,3821,64498,0,4336,33261,29987,1414,3084,3065,3521,1160,13337,8630,19310,0,0,1773,13712,640,2062,721,5395,3043,547,3809,731,176,16164
