"","S1","S2","S3","S4","S5","S6","S7","S8","S9","S10","S11","S12","S13","S14","S15","S16","S17","S18","S19","S20","S21","S22","S23","S24","S25","S26","S27","S28","S29","S30","S31","S32","S33","S34","S35","S36","S37","S38","S39","S40","S41","S42","S43","S44","S45","S46","S47","S48","S49","S50","S51","S52","S53","S54","S55","S56","S57","S58","S59","S60","S61","S62","S63","S64","S65","S66","S67","S68","S69","S70","S71","S72","S73","S74","S75","S76","S77","S78","S79","S80","S81","S82","S83","S84","S85","S86","S87","S88","S89","S90","S91","S92","S93","S94","S95","S96","S97","S98","S99","S100","S101","S102","S103","S104","S105","S106","S107","S108","S109","S110","S111","S112","S113","S114","S115","S116","S117","S118","S119","S120","S121","S122","S123","S124","S125","S126","S127","S128","S129","S130","S131","S132","S133","S134","S135","S136","S137","S138","S139","S140","S141","S142","S143","S144","S145","S146","S147","S148","S149","S150","S151","S152","S153","S154","S155","S156","S157","S158","S159","S160","S161","S162","S163","S164","S165","S166","S167","S168","S169","S170","S171","S172","S173","S174","S175","S176","S177","S178","S179","S180","S181","S182","S183","S184","S185","S186","S187","S188","S189","S190","S191","S192","S193","S194","S195","S196","S197","S198","S199","S200"
"BI_COMPOSITE_SBS77_P",164.940319959892,0,62.3546640416991,0,184.250266993889,59.9880440918955,205.302681032321,544.892124083108,202.99438940702,86.5768446952396,0,202.886389595005,1444.60794069787,0,0,0,163.378881235821,602.926544657813,24.7229079383445,207.335691955141,0,47.8800140253122,0,0,1920.95721784385,0,0,0,10.9686655173159,89.1708963914179,0,197.568928098638,0,2121.68636074751,375.537362007776,1105.83893364105,0,80.0575562370859,0,657.980985003116,0,73.5135306817157,943.554144399827,117.165391095738,0,0,0,716.168782471909,102.941470915512,0,0,30.9279322297567,899.520535246284,0,12.8553288476917,0,50.8248791913658,32.0352129187025,0,0,0,0,478.565769791154,123.727619106671,284.116297475335,79.1566463413201,0,22.8367438265865,121.155648650602,26.2918165492619,0,1380.93666403798,159.726432431639,58.7091387344269,15.3098749807763,252.58675372272,0,0,0,546.720038241621,64.5609580795525,42.3684132312673,0,656.579503073059,0,1169.12772164243,442.516804262005,0,50.2997759969614,24.8257749852406,0,0,0,805.90895287426,0,0,297.618161096253,457.30185141257,0,151.222244893701,0,85.415664474224,144.56670345799,569.442127079988,78.4448293374286,0,101.777428228786,138.157073703658,87.652546799895,17.4896515930663,50.6413100882203,0,393.853682259621,206.666485617846,27.5469647090388,0,265.892203192289,0,148.94914497105,3315.96878710984,87.5307944753474,109.145670202287,0,105.332452205034,656.433652624875,207.47862551123,0,0,426.335128402176,0,260.930497534371,0,57.0831276616752,166.551154269695,0,429.302168232117,131.06458321,795.908426720126,177.154566658335,0,231.738225081023,54.7067251930267,0,38.554871428354,244.772170921262,0,149.837348438088,370.115585223748,13.4538984596083,13.862743909466,33.0216063906817,0,772.832161717504,671.262842512097,0,0,1051.81987366196,21.0446672175357,285.514397377444,0,0,0,35.3305013233907,491.231342149418,28.4043764425192,502.96095854573,0,1191.33134390476,30.6248716990567,173.441248924263,424.793957082384,92.6786958595741,0,32.4012896259849,0,109.662380953018,0,0,58.7425932565834,376.07744946532,0,94.6355324091165,148.278908799704,0,208.699270506572,0,0,31.3554231368389,165.175559542126,43.1773794121067,448.157253284554,108.142422342286,28.4405908882801,0,1068.11245744338,287.024507436323,0,17.8054194798327,122.668690635538,0
"BI_COMPOSITE_SBS65_S",1064.05559988104,142.550726966291,4934.47329345707,333.661522968255,54.30238748615,4619.56376723025,356.225558554615,0,0,10857.8074530603,0,2465.76994016451,1913.49436596137,0,0,1438.63822690917,890.327298635562,0,834.61174904269,0,882.567592549963,348.01230157737,9784.16337490159,77225.2971911809,177.012204833077,0,0,131.020796171847,46671.5027339492,0,3176.45905809497,2912.67292184458,232.308465653656,0,70753.7012599853,0,63321.9179032142,1851.46978069013,1078.28590866914,0,0,414.561427890778,0,90.3845933754128,2953.13647345229,0,0,0,12788.3426999291,1281.97492529739,0,0,0,696.119858681712,3157.6702537377,1890.27759584984,0,0,24154.2632190959,1153.39180853705,21.3114402973936,0,0,1502.61557715575,7775.86852602251,4170.35309622207,0,97.9127556339078,0,271.39152404168,0,752.232179956528,7914.88431405258,1674.47063956592,23770.3436666757,5937.85754411016,0,0,1116.05900187418,529.312870767593,409.20988896596,2649.00630711378,0,177.236067525119,0,12774.3393837558,4103.19102323695,0,11005.2804040632,576.160213553334,2718.84882245972,0,2897.09581409885,1771.47230687928,812.499951941049,0,0,5854.09865524804,0,0,0,3687.36516892531,6911.83504075161,6152.32772147188,23765.1352424434,0,0,3833.60070481642,85.5430807641856,0,0,0,13664.6277170624,1421.87146336078,102.233658213077,0,0,13624.5841879679,0,0,32717.1014990314,116998.899222378,351.554177502619,0,6599.70844281778,46572.0289706139,1200.79685188249,7544.28381561497,18953.1191596154,0,2176.1652321824,0,1206.80173724546,112248.810806389,0,4196.41535719637,0,0,1431.6816875762,0,20099.6907606704,232.418276431585,0,15296.3482746581,403.420227458022,471.787009392312,19131.0837458289,0,10815.0712082091,986.41203881799,0,0,244.044929536696,23789.9820845695,955.077472670649,0,118.455798389017,1676.53598778615,4415.56741939686,0,9911.4407820645,0,0,0,131.313102533228,1821.6700731777,0,2649.24983107155,472.575481955894,9528.98945547061,2302.40954076779,427.25285796704,2018.36394105387,4008.9864022525,0,7999.36204180208,54847.8410412831,2323.5606122308,7230.86611743043,36109.5073800522,2464.30459812406,6819.44679996208,1140.60354742046,2111.96514880757,7455.53203430244,4564.99965201975,0,5578.33195995028,0,2189.84361583377,1792.35156633804,11334.6285501847,1474.20310861907,763.125943039957,4698.81811962979,0,1928.24674152268,94989.0065115578,852.304312103075,0
"BI_COMPOSITE_SBS78_S",91068.7507176113,0,2172.63311040313,20113.4281615235,34161.8977835746,0,3559.13060462393,0,248422.696395718,0,0,12118.1683774485,66462.0908849631,0,0,0,2135.58413980032,0,0,0,38628.8369229787,197778.767927792,0,45013.3538690979,0,181074.938650861,4727.22697852073,0,1696.23126647151,0,31353.714718945,17018.210793572,1942.50755524069,0,92553.8586236764,50654.0959954318,0,63571.3390795515,17014.582393246,0,5396.19681418771,77735.3309737672,0,38772.8388480687,49860.3768674998,212824.538366539,0,0,48893.2384539168,19245.9180552338,0,4723.38915522455,0,94102.5943645145,0,0,0,0,0,11626.4878647321,0,0,620768.884283746,0,12662.1311707813,6886.33493982511,0,65840.6228568595,44503.8939750865,0,16202.8666061641,0,40109.3075949004,0,0,45221.6566265149,0,10972.0300455556,0,324.717768157331,0,8566.4487287873,112594.534186933,9585.69602684329,0,0,10698.1016288009,45114.6062502415,53944.4301166822,21202.1539470908,27780.59154377,0,0,126199.375324376,0,16202.2187197068,41337.2956988773,12566.9466696228,0,34318.3428391897,2781.00393845035,36712.2695798037,3381.91348239648,39441.685719792,0,31404.8679466039,23101.1630466512,36413.478818424,48876.7359074994,0,3186.5322164349,0,0,0,4596.45635169381,0,46485.1833768181,74766.8343408193,6586.78759019929,6389.16889943298,8090.19499733196,0,25928.0417387374,35787.3763121533,7919.75640905225,9609.43244284328,0,27115.6119165256,4741.39587458423,235689.297635994,5899.98801701521,0,26258.5173961555,195736.307950843,0,2279.98390020633,0,3317.23262833765,0,0,14178.3697142735,0,0,0,40575.9963423312,53013.4440405843,828871.282445776,0,2028.40909491041,24632.3573699145,16860.310652864,12609.6729970296,22733.7694972203,0,60821.6529487763,0,528983.661968324,6328.17120368993,27529.6692021833,34855.4171875156,232513.193375992,13282.061330508,0,0,0,0,0,0,13226.4739040724,14336.6327530449,11450.2803468849,26213.9241591341,0,30218.3350940331,0,4708.20452475896,0,11163.8076157545,48273.0093640949,16183.5267494377,18677.1236225228,57536.8874806299,0,0,2798.3855017513,22952.5219754671,0,41143.8670929451,5600.32343221267,11495.1079367432,14807.4919299247,8092.46729722045,15749.5476477002,0,3626.15035782917,69444.0397490597,16167.7759668293,0,63947.2833987159,0
"BI_COMPOSITE_SBS7c_S",4214.67911302982,1489.77799291115,146.031770645794,0,426.788092320459,4666.56241623832,85.1174230281962,0,470.684947902192,893.570587438581,609.61420146629,1991.33877692416,554.217120097316,0,0,0,0,1663.37379090577,0,0,0,1296.20798445215,0,0,211.413180992606,0,0,908.976870137878,1107.13716642072,6369.13676971398,0,3607.60796178113,9543.93472704956,0,493.388133399207,21.5458820804456,920.987278043305,0,3697.90866979409,0,0,0,0,392.279049390621,0,296.654456852848,0,0,0,0,1403.13613760127,0,0,23673.4423357184,8080.82411772188,0,0,0,69.1784422502061,37.7829887042011,0,0,0,0,1188.05796591928,2271.83368936466,0,492.180548826295,305.594714692355,0,4250.58617383467,0,1188.22514595625,0,24457.3019365906,21894.5681055286,1798.78256888371,0,1006.14044376269,235.211030254554,304.758534662921,2431.89914200105,0,4322.78358721591,0,2944.20970095076,1604.35311904366,932.485174826593,7590.94814898603,1407.08631425223,0,49.60322485536,390.97574124516,995.418981884972,22.0994894491183,617.663648762529,0,6435.68290876933,0,0,2707.35229630136,25174.1698798797,821.393044836871,2048.51228881928,1193.39119752566,512.114174027283,0,0,16033.1526858591,0,0,6155.52910844542,0,0,0,0,346.084592028984,401.524569267437,0,0,0,0,0,2337.20066076728,2244.46855516911,0,52.4173189571512,1642.62775670599,3620.88004476471,214.532115572733,1168.24626215448,0,181.091252913356,1227.86619135979,590.335933743846,2084.39594598703,0,6065.85085066717,0,275.430760838937,0,318.814521620391,0,224397.000852028,3374.0408842953,396.899150896934,11230.0897108271,0,113.507532544675,5507.33259996237,1203.06801053726,0,92.6335935246994,0,0,0,447.158094765559,0,0,0,0,8928.83873356989,0,0,1019.03339280659,0,1044.71559038545,3411.87539141415,1487.45862866069,0,698.461746051259,0,0,265.963148295684,0,979.160009894224,939.966542655005,283.585020320618,5536.94942716414,6231.07754321806,0,407.189513320376,369.865744771674,0,2140.37663631255,0,0,5106.95914713964,8286.93201204741,335.803383435456,6277.53571673182,3262.35272504995,827.826428419609,555.784301244328,120.026336855044,0,0,1568.4711083211,3503.38502016441,0
"BI_COMPOSITE_SBS19_P",151.614845963756,127.282581557824,524.988402320468,0,436.714908364061,254.184065539274,82.4728885492093,0,0,212.478901803867,116.328910991509,283.705452985909,0,0,0,120.76711052094,112.919317014081,63.030789498735,317.394494643666,0,0,362.42029131093,0,46.2218040931174,0,0,352.831701805092,0,153.362480234469,106.063876103903,292.863934407032,105.01658000534,0,0,92.6536736837217,0,0,97.0235965925414,0,0,0,423.344996386126,0,703.598770818186,218.868855978713,96.7781518729068,757.34705264078,0,148.851619840598,129.003684940118,146.847352010276,0,394.864204937862,173.760779736629,179.049574289246,0,0,0,0,0,466.223667009831,0,0,0,382.833527028129,186.340096721708,0,0,0,185.932512472859,143.112942654291,249.192506128249,519.753359636534,77.5294769515134,0,354.75947323903,0,0,0,59.9186578050773,141.02496310091,196.387419727355,0,77.5806161551342,0,0,795.740042629733,2219.95272941169,646.822003773701,0,104.922278468798,66.1375790138854,607.457876546871,135.100375223229,258.15146559986,129.919831901212,120.295566624502,68.5996658362076,0,430.536188336985,175.307126681142,143.892424069208,128.95380430332,0,0,0,766.384523349504,301.628632421256,0,0,108.557959663254,703.697956301127,0,0,39.3954910358061,268.034112271397,72.3193573852465,268.880556858828,103.967359719269,0,1245.22638474307,42.0140277256044,0,139.498787557809,55.7511631287548,62.3508114421095,0,0,0,465.913716959448,215.142536906577,0,253.401133290078,121.618536835368,140.548693095049,206.688652760003,229.189881431146,263.677901159863,158.094559392206,0,151.824579241127,93.6824457880639,658.494675252203,177.874205824409,75.1860838396458,371.567966254987,296.201514278647,0,344.371568279172,53.0968890998341,0,95.6614525983297,0,0,0,310.298865032412,77.2050202361569,509.06866224034,254.250089788155,107.811549500763,0,379.234535953314,303.458439313523,0,100.835202758205,772.970826320635,0,180.26099800135,0,0,96.4435431951867,0,0,19.2987290419174,1599.70503618208,0,25.6461210469364,39.0707082280649,253.154330423171,0,132.869808452479,0,358.130899848894,373.514223075374,115.998594268039,0,0,31.4439412603546,190.483870283834,162.324016311478,62.6469112942406,0,33.7517161014407,0,160.300531173905,37.0102714225205,0,220.642261422137,272.770896313081,0
"BI_COMPOSITE_SBS15_S",2736.2224011889,3036.95356046371,1065.42965396707,1354.44634928941,989.462863148855,0,4969.12082573876,1334.34390371422,0,0,8701.17557849111,2171.33812057846,383.632727096819,0,0,2313.5223894042,9442.8079860972,828.743718424859,0,0,1206.50839482305,0,1765.94161477117,0,5972.03298766313,0,4305.78217021432,0,3811.10290164029,19555.1690325534,18382.9657627023,1045.74670670785,16579.6757110663,0,30669.1297563729,4315.53233481201,194312.600711985,0,0,639.565773250318,584.927840856567,5953.69680234931,0,48211.1549305869,0,3461.1785599706,0,579.841585856314,1700.29692763142,0,7870.51291251095,0,3275.49243717389,0,26013.8282572496,3032.43568239366,227.580818258497,0,3379.86940789194,717.242812934814,1734.77759082868,2060.48658901232,0,1008.04352293949,6561.68965814245,0,0,0,0,6757.02984145023,2038.80907196072,6585.8680835245,10183.8995837855,0,843.778962851492,30607.7443803048,3477.47426290142,7478.10577024842,0,2616.36455041472,0,0,0,4063.61520293966,0,9553.18240104838,0,0,815.982139798498,0,0,1786.27436344651,34300.9305756837,0,8493.70162787201,15029.1967963408,0,40560.7605728351,511.072173213593,3565.21788200006,1038.82439128241,2833.20844848528,0,0,2549.61637121522,0,791.865680465165,0,1922.18848566442,2017.67835053702,0,879.924433796953,3281.96240612224,0,0,0,0,0,65093.2536179096,0,0,5426.65767301636,1150.07645115381,2379.16847627926,22577.8420611942,766.749276525352,0,0,1035.26043760824,0,4563.30335304018,12001.7176791796,9821.69247802829,1683.35491910708,0,12661.5506834094,2714.72329760315,2740.72376278998,7473.26702357697,0,0,3981.31700815907,0,8086.65586379893,0,0,13342.8475436564,9827.26535267877,1703.50331637721,1669.68276149252,0,0,473.637433821636,2106.95896812852,0,0,0,7089.60391304736,0,2231.68101553445,0,0,0,4678.24205567783,6833.68979985021,0,22567.8150954503,44114.9518166887,1033.78051810075,26024.179776124,7530.76488919396,0,0,2279.72179426003,0,108770.279784723,1705.10340130872,371.54331436931,402.019378668751,2676.61264513991,8336.42594301878,0,40600.9553099579,4833.46341272525,0,0,474.184705476782,0,0,11039.771015363,16644.7485334414,3219.31706067615,64643.8300130429,0,6883.57211909638,0,0,1777.17758566475,17946.1938960971,0
"BI_COMPOSITE_SBS9_P",68.5160387200708,514.283191093768,163.868036228183,0,274.400852439905,271.047727245478,8.34154110496367,85.719595512399,172.186986648911,0,0,238.000634115299,0,0,0,39.0452357135122,0,0,582.631971175073,0,77.8445901885417,1691.80173528554,0,0,0,0,167.680832642686,0,485.065028861792,831.592363528856,0,134.520292814131,126.069361883865,0,490.883765705743,368.549671044796,0,578.851337360694,110.673683566808,544.669074284492,3155.37257623259,25.5689258425085,0,642.160129557027,54.3908111576972,800.361851385076,366.158678490152,106.73304173606,119.667258872562,99.3953331210431,0,15.5924478759,723.185851757018,105.307140106554,195.068240087631,309.942077610067,63.9789883066461,0,246.122891666174,0,123.105608324443,0,6810.72432411522,0,80.6526275720079,318.298136734588,0,99.1729541247285,271.022023517592,52.8243138852949,0,0,47.8067800176672,41.6524718569048,0,51.2001428111143,21.9890709484144,33.9213465366611,0,34.7786398985633,99.007587926467,172.576907402505,318.787407306813,0,0,0,178.25992613038,0,606.512193461503,90.5493606442321,71.6269737973555,0,0,0,0,0,0,675.484655088266,0,0,240.146055803796,452.865737765481,38.7219177470358,0,0,0,225.323206086683,0,147.811222978722,1270.71690298811,1139.36563745475,100.488908116726,0,0,114.953379774907,0,47.6997238033265,0,0,0,251.840417518146,245.417139444726,0,0,423.561279812914,0,509.469162927387,0,0,140.320849037776,688.743416508784,0,19.3911285528154,0,186.365824816263,221.157752571595,128.220930872956,0,99.767361328068,21.9161892969147,554.341174315503,328.39478463501,46.5628367605333,782.259543088137,1017.76423719256,291.070257743114,0,271.954050437554,356.233590502297,66.5659782093911,77.4182691354735,1400.55436349019,305.633775963163,94.6697781793116,322.209981774875,82.1012726248648,486.196291011745,998.240822810935,180.618741058106,176.331792582844,84.8073698687013,97.1751438443066,42.9145525724122,0,0,8.9416165653665,0,355.467138852824,133.408979733082,0,22.2096426861476,522.970720865806,0,899.853122460999,56.8508027405072,1078.09969500981,0,0,59.5295125541667,333.50962373574,547.431971225794,345.118845720796,37.266460168442,161.413577918547,221.601932994932,0,217.815522958387,0,1146.92016688088,91.5546235538663,0,0,135.684162641562,0,0,358.141337421997,0,29.9382427422341,214.227758974239,0
"BI_COMPOSITE_SBS33_P",3750.98442263218,0,83.028474837649,0,61.0953740428819,0,23.6911776653401,0,0,0,0,0,709.671297938995,0,0,0,949.126760057534,234.193142943292,0,0,45.0559343286103,0,333.489440864152,0,0,0,68.581903130015,0,26.5925063868069,35.5037675538337,352.41903700098,303.552553052305,27.8598612728473,0,1925.62736904905,23.5169658250031,0,927.913342390384,319.781883283556,49.4317548549805,0,40.3435874319354,0,9.87914801997407,0,11.6170951774801,221.063741010039,0,16.7862997451468,123.067726917089,1049.87890558428,194.04227677452,0,49.222014805794,8.8701018716873,0,0,0,254.830527153792,235.730874348618,0,0,0,0,175.21412362954,46.827497387388,0,17.5556159928211,68.4990321914623,0,20.9056993725107,93.1766040934682,143.384864338034,0,233.937874896866,483.024304729553,0,0,69.4988222713361,59.8707596338101,407.607585517326,171.358123065285,55.7380375037932,138.144600059088,0,0,667.087527200948,59.9713697407484,0,82.6170524055457,361.252785100688,0,255.255301717374,459.4501092021,0,0,0,77.6287047668917,22.0839799711178,0,35.5056231903802,257.87955494867,313.715707260831,0,407.768145404596,0,0,53.8759593780586,51.6303072387339,0,0,194.270681720598,871.09476574845,94.826331634806,1635.68169225912,0,69.2567269243349,112.590282459078,44.3123628049124,0,17.9888223306372,342.564000881597,0,0,60.8932059640013,0,0,0,12.2668120737131,69.1393504798222,1226.5742147345,0,987.454768611502,320.036198734712,18.5937996492933,70.0169576121578,0,3980.07184964118,4034.43078854633,0,28.1614614135108,0,0,125.485630182037,68.6155942036306,0,95.0647266533502,0,0,4.45642749005453,520.938357741651,0,1198.84926437945,0,0,0,137.708973546872,0,0,0,0,452.757015950997,0,0,0,0,0,12.2128233673853,113.78196574453,0,335.264608225824,0,0,43.3258493033364,159.298399169196,0,310.411554055268,40.6327800429802,40.0881344265788,986.045865906416,0.778752020586782,0,0,28.380190406795,0,679.20382246764,678.454898594408,305.860746185681,1050.98231783055,101.726062760233,98.1339816978412,0,0,0,325.352752512068,0,0,0,972.4148317184,0
"BI_COMPOSITE_SBS12_P",0,1333.87585967188,0,245.388106078235,1065.6540422015,265.014889063182,149.930092189906,0,0,0,520.842665832658,0,269.826738590055,0,0,601.804025589136,0,0,0,114.149936192911,98.3696637068838,0,493.560690560186,0,1092.39738902168,0,380.784618114715,0,250.49316502707,1925.10326308406,198.040225030763,431.161438006442,185.136647456792,0,17196.6311620779,0,3189.3825760413,0,305.806745843605,0,382.172975352898,426.750873564036,0,0,966.989475036574,1929.98993181931,0,0,131.311802512193,0,1558.01128797184,6843.27686407049,0,0,0,0,0,0,617.870285854909,185.451274725233,0,0,740.347519606921,0,100.043797081063,0,0,0,0,636.089242110425,14911.6786609827,1537.20465162295,132.842996083539,104.329728653918,260.620925593805,351.955674043345,0,0,0,185.323755679752,0,777.833409958882,0,0,0,0,933.251682057463,147.018196437547,231.103582069101,146.174235481333,1624.63285684381,0,306.855669793077,0,0,0,1220.82637936679,0,160.375860830539,0,0,61.8290145535393,437.205508247709,0,575.570980817432,270.45594825846,96.3289297400423,2004.24502610916,559.357677139778,0,433.480811660234,0,0,0,0,22.5854642748006,2055.95111558726,2585.33425511306,154.687926757739,0,0,0,2325.54625740103,2195.05158888706,0,0,0,61.1804893548781,0,586.079722465161,111.100621791967,0,0,2003.24759837194,0,0,1575.1866592507,0,206.651171295192,0,470.264150965677,0,51.122558659227,0,67.7873369520315,363.533142887596,0,0,4471.42361703349,1161.06947727042,736.599579219076,0,0,8747.87865989934,0,166.923862491183,478.758731027085,795.420887815874,0,1516.88085104554,380.186607229434,0,0,0,117.516582455473,0,0,5129.59680478164,969.160618316666,798.663324339833,191.166046546947,1130.65482065854,0,1372.4915472806,0,169.504682242574,1651.38977190085,1000.47463057523,0,3073.89182080304,0,1080.88602283256,2266.38016230472,159.60195551559,355.280477094542,0,296.405527388131,0,297.587713492387,1218.60354359898,31.1186204727918,204.472267562363,0,0,4544.09319962303,0,0,3665.88195356338,1763.45024348776,0
"BI_COMPOSITE_SBS72_P",96.1770809658719,0,662.154622482617,246.771455633619,197.540550918683,203.489784135405,266.101584426377,0,42.4007758519163,0,0,573.407993231363,725.180921636874,0,0,26.6997360740267,138.03304560187,321.984339380313,63.8453025344663,0,150.877797929913,36.9842388774487,0,0,181.404597780171,0,0,0,0,94.7301383406811,399.436431843206,0,0,0,1006.12721023285,357.799721078982,242.778379535615,32.3526606627405,0,0,0,783.592858190139,0,2543.43368095221,58.0217827534249,0,0,0,0,194.259541418373,1189.94379641113,635.109712016735,0,0,0,0,3497.10351906243,0,33.0271808045244,81.6588568389817,200.429566072253,0,236.326376410799,147.408296287977,26.0570185688889,87.5526591553573,0,0,0,537.745458563426,0,290.598242159752,1271.10436877933,1039.57878103059,58.891947172651,47.0269139651001,70.1220835508212,316.276926448821,14.5005623696348,0,101.080256934297,261.840760054154,292.810951847907,0,0,369.555489945131,95.6553464526,0,56.9799665853954,101.440809703726,531.517514765765,111.921162230312,164.61142829286,0,294.085558477875,0,166.055813295366,258.908658793772,0,53.077806705012,514.549150316405,231.379867702366,62.2363371918598,214.268045036418,330.543961627409,93.6350448738898,186.536513218199,29.1197375554232,235.512525121311,285.207012778181,2049.38443736425,79.0732816728067,323.127163094667,0,243.567079880494,0,738.961114977804,284.549696551778,0,270.333019896383,142.966139177821,16.1684752529201,0,47.5362063778639,268.533832526468,212.015052558136,322.647362202508,38.7474035516911,316.480003492278,70.241670784891,50.5773079149529,0,96.7133357003369,46.9824575394233,378.738202997702,0,0,47.7420440359346,81.703927224077,0,549.690277206417,46.8067441107416,0,99.7398201282868,582.01340106653,109.593760722413,289.201253315491,0,267.406022456228,187.426251936083,0,173.74714109552,0,0,1379.85691682461,0,0,22.8853180986262,117.126622052591,62.6332026609563,0,1190.40200927403,0,0,0,254.848412120582,138.526187210511,80.505132553529,0,553.688486704132,166.569572947077,0,125.158681233277,521.215564693554,78.7855605152963,543.067082227881,466.655136103447,104.842320842186,1310.03415796983,49.1191452892905,112.801854926026,0,549.613107382032,0,149.967250532836,140.419304390339,0,168.073545879413,195.950425665222,216.589179120984,107.477276650295,822.652309639328,65.975069924637,354.621523207764,125.93184174223,5.05944647806681,363.998317004976,191.192160118206,89.4901351409998,0
"BI_COMPOSITE_SBS14_S",26050.9777229921,1855.43893702861,22894.846076283,0,626.314617422963,0,10204.7871218122,886.763194441699,0,0,142.962713166542,1875.47721723504,1683.73475864818,5784.01844489046,0,2192.35505302125,0,663.84663364291,7712.41098727548,0,0,9288.78245910788,55396.035212811,144.400822724072,536.119307803492,1038.14828112003,3392.02783987459,0,0,62379.9159633239,704.837524775994,1816.17533486421,1013.00601708301,0,21071.2104287776,1213.15292467593,4998.68405294139,0,0,0,0,0,0,477.736937606549,0,4273.99309018884,46.2652286365016,0,7596.68216170036,6326.4717139261,7784.24613819398,139.684890458292,0,1606.08676715039,29632.3034963143,15060.2144213071,0,0,656.422468641786,0,15102.5027082004,0,176.300788465115,0,6856.48384428173,0,5380.59906106853,13208.9759039444,0,2530.01485288879,0,0,1638.6646276799,0,0,4195.17777056839,1918.6527422817,0,5819.0651226238,0,878.346488220198,1519.28621738929,2858.09630756333,1586.02973613679,0,0,19010.1444571351,1548.25110351857,0,49337.5593321601,0,1060.8766698384,3749.64511651619,0,1770.7834182035,119.993247962358,0,2688.45620109715,0,936.778067124356,907.857560457697,16926.1647208738,11346.5753462808,0,0,0,1555.23471822821,269.649340619587,3261.10145029827,0,6158.13738996214,0,0,0,0,0,180.266875895059,0,1005.09267232329,1341.52653554786,3669.34187460351,121.161056479714,48837.622051967,53468.6681725738,675.142913020692,0,2855.57931098996,0,0,0,4946.65617360781,1187.95672329395,1340.38591777069,0,1738.63239739369,646.652712056062,13093.1211998367,997.474909940512,1129.89466305693,232.292464369756,585.438999950787,528.337784288031,419.478705586446,0,38779.7470078678,0,0,0,164.207727788912,0,265.128422051731,0,42291.0404110337,0,0,0,0,0,0,25472.2066974592,4325.17095715832,486.135922662063,4648.0901194571,0,0,0,0,4072.68239737597,0,0,3965.9187060526,1532.17653797082,0,0,0,118.078030739748,504.976678165645,0,0,483.900883778733,0,4219.57992916152,8135.07805583746,1868.24304978609,0,0,0,0,0,725.406989078287,16224.8926144255,6369.25542905492,131.929309618184,321.345529840281,4707.14118974137,0,361.694493316497,0,15142.213831581,1110.51221518162
"BI_COMPOSITE_SBS36_P",261.724399129377,125.543851342597,0,34.0840062447048,132.534588859073,221.907560394245,307.612452121728,0,0,135.85903888442,33.0457798774045,0,273.356990177183,0,0,0,106.827034893537,0,0,0,0,303.602314407364,0,0,0,0,1905.64640693281,124.112745137865,95.472254153465,122.683845281955,552.341580841473,0,294.310738311558,118.94170578413,823.23644545814,586.044001055358,0,122.198781713118,269.416246653156,0,0,1008.80529355045,81.6000954219435,341.990278958645,0,2520.20828008055,400.36599095687,0,63.2449106664618,74.3764884186192,1047.13503929867,1739.86441114421,305.89804572516,752.568578710937,519.826482051186,0,69.9321841567413,0,0,164.723661671952,116.586756541552,0,0,144.646314096263,724.459437276517,0,0,1287.03252114934,4895.87401704611,363.107588559294,567.931199629019,440.131476225023,138.775685369678,0,200.622027754804,263.872432434082,1200.67536579483,0,0,94.6928221818376,157.931339894401,116.701651360785,0,0,117.883081353063,0,51.8340228223198,1362.69045963303,0,0,0,696.561676745536,511.172635146222,0,175.963297896413,69.9243263998468,0,0,4144.20923649185,194.559519674394,842.695893818706,190.452392526967,0,0,1627.71659715261,2518.2086338287,310.679422578812,622.818037138061,0,361.040807463151,33.5668614578274,0,61.1862976670523,340.237727550091,0,0,132.53272195861,85.1667488427219,112.291521233329,0,65.7257205288699,449.941213168183,1464.49801813299,492.890166613772,0,0,0,26.2718235060411,343.978438609862,468.932652663034,799.489771892762,732.563806419732,138.675351872353,617.957365253654,0,124.222579727325,0,0,367.652268873355,0,663.329259379193,0,0,130.50729193071,0,25.2701763369622,0,98.027661661772,0,0,0,0,668.620890572947,0,0,192.310511041739,81.3767375786874,385.277923487575,0,0,190.10041502443,101.327064932616,0,42.6619581842674,0,101.099715589963,589.13781971013,963.634362780865,445.09745702766,1671.75438796124,0,0,0,319.406314328892,63.540213608288,44.7368582578773,144.565787606708,0,71.9832132289864,385.57354791161,0,1766.07267459567,303.538544443421,1420.34943134577,115.724484962269,0,84.712864950286,62.1657369975236,0,71.2044348643816,646.783943824312,9.61800136694458,270.06928574599,91.6301889395173,1502.7388243659,0,230.533409943284,0,334.453015164503,0
"BI_COMPOSITE_SBS63_S",712.907615046123,0,4284.18042470636,5781.80842304321,71801.6174887238,0,1336.59075579602,763.433384469865,707.413934326151,4884.96942419083,3449.28552439854,12187.226992271,0,0,244.152117310719,0,38394.9127370184,0,0,0,1236.43588231874,3858.89275668739,70.8918036116849,69.0172725690063,60854.0195301212,0,0,0,32.2930439060212,40.5804972746415,441.54994948194,142944.510302399,16147.6898238381,0,0,0,1055.3144727967,54.2030012003787,4715.36420858325,416.927245796628,0,3848.23656055925,0,0,0,0,0,0,1212.22674766642,112.633477803116,1370.86305330436,8199.0778878199,0,132099.629850251,2261.04465594188,16107.7241870185,2102.28814961608,0,532.921929651151,0,0,0,0,0,77.1852871027929,0,0,0,2735.09142935323,0,2354.77388960396,0,1301.85672149077,760.097956920812,0,10096.7568504208,11750.7473332069,0,0,421.91930894759,5611.43781989404,345.465611968325,0,12468.1142142982,0,0,1457.49496718411,0,0,0,436.674423722782,130.43573038051,250.736246860257,1134.62984469765,0,4196.28651791611,0,2096.73779294373,199.388533754237,0,0,1552.96552540461,22.5256024776609,0,0,0,315.549372090242,0,923.636185950012,0,0,49.4357327872875,0,0,101.788427995052,578.178338273449,364.749172430028,0,110.012184470837,29010.37941798,0,11.9228676874014,0,17862.7698467898,0,1691.16082271183,44978.4858492219,18836.1530519843,368904.196069367,0,9156.06998136378,29.7591319638344,108337.741582303,882.23030309022,3348.26874070933,16.2136196374455,0,0,4092.18097891837,0,4938.52872352218,1091.86321553162,0,391.874509024626,0,0,0,0,0,2555.86664350195,5038.96092106727,0,68.1796337212031,0,0,10.3500963034904,3295.00354493484,63.9294886130413,3073.47996834819,2089.33545273603,0,1385.55386059293,265.101849380154,0,0,6412.81768222668,3286.90367811296,0,15735.9053598326,383.984093824412,23042.5279415171,0,0,1611.92378525653,1464.22213819568,12.8659473413411,11172.7671586339,2500.42182296388,316463.111190089,10458.6732209428,272.469944256008,70.6591428327043,6872.21241900734,2401.56866980387,6173.08313615165,0,89.0927570793323,57821.8246501957,653.912141599602,3963.21938253475,33345.3268991492,10143.3662115061,0,7118.6364677333,228.465242084747,16741.3941969428,420.423155657765,244.52296598028,21.294831688065,0
"BI_COMPOSITE_SBS17b_P",392.170149613555,0,0,0,146.48750440783,43.3137744204196,0,69.3187324683365,1747.43734001648,737.068101126242,0,238.459424576696,1353.02422152377,124.390171423028,0,0,173.153466369189,934.915499715723,41.6451689894939,177.048594131153,169.114742978547,21.3472751709604,0,133.115437007626,0,0,0,116.20117701783,290.414150337517,0,496.09701044327,51.9566652094905,0,0,118.470285227926,96.0698895620859,108.610434468676,903.542915081843,18805.6025297082,0,0,367.24014507218,54.5699963202188,0,1.41434687054898,611.010795038633,20.0315615475142,671.971209612935,2290.22953469208,18.3236671093075,0,0,0,77.8769442723109,27.4456387238892,446.519389553696,0,40.066025885685,0,10260.2767013634,68.0376826687377,0,843.253948784887,0,0,555.698024177252,0,925.070350537382,14.8129946608765,49.6519710981338,65.5145951372178,15.6885114703861,135.091334690451,49.4912290513736,0,69.0413400017542,0,0,0,1430.12750625316,0,387.434104723981,0,30.6747082542413,0,15.2006166985935,1964.44306893072,407.060925990778,52.4628365676735,0,0,27.1962038316619,0,0,1043.166924504,5.48461795051448,0,14.4035787745722,0,271.624865055404,0,116.353838349396,386.835679328701,0,0,47.0885979592068,0,0,13.7505208758861,6408.68394846895,46.098198159969,2.04142872216827,0,0,0,0,1317.68597176294,97.9836883585926,21.0326586333088,0,415.654970651517,0,1093.40273089476,0,43.2964762589619,0,0,11.8663213645103,0,18.6694447742475,92.9865159661942,0,623.443763613447,259.92857566609,6.31433161158979,7.97724952816595,301.023105138956,210.14250541012,55.9370561557886,0,0,0,0,0,480.084219227769,0,239.119117962467,249.100751533354,0,8.75633627435985,82.9533692836861,3322.64772305452,245.556212152173,0,0,355.896699896514,15.8883440780809,32.9952873966248,391.497916610656,45.9015080226729,162.497668672692,112.202518994164,0,0,0,117.273352088651,0,0,613.520199388653,1.44033067196141,0,0,192.461913530196,0,61.0138776339869,490.376472133993,34.1924320453794,773.215575795666,7.36109253058473,91.8941419381691,0,69.1849143150998,51.3522369152539,0,159.009337431368,0,620.645659732504,18.1782043293251,0,3.21331022223026,110.538172162713,46.7842745789641,4.8272868802596,5942.15973749373,16.7556920957424,0,14.5039543895108,0,67.142555288815,552.692726644511
"BI_COMPOSITE_SBS80_P",4.70416336260742,11.8871209880061,0,0,28.9385947160744,42.827316754811,15.0349690596792,0,31.2122012194413,104.190306188316,88.1866980507718,0,45.5938763489157,124.18715303431,0,0,85.8249148662411,0,0,0,90.5621296315635,68.4694108741002,47.8282696404043,0,44.2347666563655,33.257596128881,9.55465931554314,0,11.2751836947671,23.9861509125717,0,0,92.2987836441841,0,8.20058538501149,0,0,10.7620563174774,0,0,0,41.924848876451,0,0,0,22.1160118328865,0,0,9.75868102802941,14.6929253147576,49.2639068950774,0,17.4565902261503,0,60.7134820869776,0,112.640602209525,0,61.666105101076,19.58167089091,0,0,0,385.809118397325,81.984571009165,10.5554097396236,50.4787555983464,25.2736740476414,0,57.0034463226511,0,44.0733886543002,122.549326586856,26.3225350514617,5.28966258539685,0,8.94444756769438,22.4125602781027,60.0522752332862,58.6623770863977,9.38129629622443,81.8750719292927,0,0,0,0,38.3109931408367,0,0,32.8200529827648,122.49263846477,11.1017861187952,0,0,0,42.7875355263781,153.872960677069,46.5132445220163,0,0,25.5610221775632,0,62.1839759234056,0,14.0936047921835,0,0,0,0,0,84.7403321739638,44.822942901086,39.9438769135081,16.5519766843528,242.765902536175,0,32.742007746137,619.464280735842,17.2697061040431,0,27.5027218283547,66.0155426353337,0,3.09083313223938,23.685592228238,19.6208085141568,0,210.634236694501,0,6.79750047358238,22.5910645055577,46.1099267586024,31.5499985899439,55.0557079113305,77.4540668423771,0,142.21735670066,15.0054958768314,0,0,54.7987567233082,0,0,87.7883873683317,62.0246467416985,23.8624257855928,9.99796281526518,37.6743672094554,40.6644136277225,36.9800967557593,223.383098855299,0,0,0,13.8549796391118,114.068141348097,90.9962697863753,22.0112029997244,39.9421631478572,46.5741944655836,0,49.5834653057389,0,63.2273634510781,44.9690219014008,0,0,247.903115927068,0,0,37.3359461422996,0,0,70.0594589287589,8.52782664276073,25.7822446835519,46.7981159290251,5.38485624464402,97.9780974532924,90.659685440177,0,67.2850852073777,13.1709457502385,38.3150977196999,0,0,58.4263751883599,22.0192831587706,23.4090560218788,130.868785809294,0,0,0,10.9390962610196,13.3985895627426,0,43.5719709669701,28.2975062651262,110.87315549199,43.7315903600655
"BI_COMPOSITE_SBS75_S",0,0,5387.47683310247,0,156.417608521809,2499.29396823533,207.256329516938,322.438416643239,1726.30182525474,0,0,2094.53690017914,2151.49547228171,0,0,0,350.537398312742,1754.59435118131,0,0,1231.98413227642,2818.1000247646,8552.50208216959,5031.29551655501,9861.96881103691,0,993.568168826332,0,78.6266955651438,1677.17612739832,0,3.5442246402853,0,1560.37437690519,1997.9358051812,3068.54560975786,4259.23313422322,133.924250235062,594.950775620375,0,0,62.4640843586271,0,0,0,25503.7894626549,2672.82642475475,0,0,443.559153860323,0,839.355006364818,0,219.903727711793,137.235702777301,0,77.8693314985495,0,0,0,724.895746459575,0,16772.4968634588,0,56.4179983461046,0,0,0,0,7142.61640555146,1040.5274079245,28.9477211346076,69.8379383928477,79.4171909290116,3218.9128963581,0,0,0,7253.06270135034,228.191050930698,543.051159445916,718.61837936871,5998.12159961293,7484.86251982831,304.052664017363,0,67926.7585424348,0,0,1031.41498273143,0,0,2775.53483517977,0,0,0,83.0656882789172,4285.96032392609,1020.00871622527,35.6370809787087,0,0,533.611341614804,0,2513.3262600428,0,0,45.6721900811784,0,0,364.769557940813,0,0,2269.76704997026,0,1568.01229886408,325.229105413614,0,402.699566105983,150.535483519356,0,0,2797.77140159897,0,65.8314735135999,0,5157.41904764983,1768.33486460825,290.486009401665,0,800.337795080614,0,2993.86785122166,62.7731454845524,180.305964560161,740.493112569728,6405.96401185092,56.9000661494599,1474.25202242298,0,195.29727979482,211.18450852718,0,661.413241874136,738.870202019594,1997.36348093752,1193.62860290439,0,265.481519839599,438.904688705273,2424.01736568461,0,1317.18031536045,10217.480575044,119.69433512072,1359.31607958227,1906.32575902269,193.267760516351,254.839157794346,396.999665253447,16764.9818096143,0,0,1080.73150034218,0,4634.0212635108,115.207879430684,1382.00684976723,0,57.488815599728,0,24.223515556389,417.986119303255,145.686770109509,3329.95759103424,0,0,0,0,615.781454629967,0,139.684568833101,1341.07850950134,9.06219347928775,321.264512708023,0,0,0,345.539319874578,1099.34825949032,38531.1155805201,4600.13976260654,795.178033594736,516.490632510318,5179.16034909656,4205.50794025459,13282.9372872917,2.81173167454058,727.006139581102,0
"BI_COMPOSITE_SBS61_S",527499.928974567,0,0,0,243870.72861625,130836.540130307,0,335281.851316553,0,60241.6885956812,90015.1388315229,1233079.2039007,0,0,0,230717.55898555,221250.017048682,0,0,0,61161.0466358642,0,282020.323634678,820967.244934838,3910417.96949535,1491066.24973637,226844.910646702,0,49763.3406208013,52815.1195772495,2147034.85421468,0,0,0,132513.341099955,44390.0980114032,332642.450120599,0,23254.7092315655,0,0,393985.085072494,0,0,31478.8246180257,0,1443481.21086754,162960.058453177,498130.779594322,166556.956120768,361318.99611374,58556.0978528961,172195.713209115,0,891851.14283691,0,0,93114.5617609521,141288.180664475,2235386.44954343,0,0,0,0,76069.2210015143,1134438.10893468,0,1427436.52098461,0,504138.26851158,528293.851476016,0,165783.266895732,1174564.93429768,55397.3721787059,606166.098946799,44766.8357748212,0,275340.701996987,18988.8796008925,0,1800923.03149405,0,177058.034974684,0,1280226.70314607,527386.105453506,358214.464980743,820374.662396129,127233.609435227,0,42112.9801968751,89134.3389157506,177101.854947722,0,157745.893983556,0,436558.330047648,32988.5532800033,148265.946431676,147019.375813147,71571.0715362187,37115.1359498864,0,147696.125273804,73145.9728364732,0,218851.800967032,0,0,0,381943.627145789,184128.107936663,0,644694.472993349,0,96024.6469896894,0,1145424.49254777,0,122549.121148225,0,556789.011023156,0,0,139509.447517024,18081.3501954748,212947.734482353,27894.6229981239,0,65937.3009474005,62490.6750677181,0,146450.295316289,1074530.15373906,36419.0015545795,0,0,0,0,0,471466.223452016,1325763.94682679,157949.18522168,1304362.39555813,0,0,42850.2829471302,53485.4328170146,20931.6772381372,78109.4341793224,0,47758.5514296012,0,0,67822.1996107935,22944.5514594647,103100.578037784,0,0,0,0,0,0,363576.672405757,400178.362852941,0,155617.257097599,0,0,0,0,358951.320870044,15485.8321100585,408270.776457985,0,0,269052.036358879,57519.0540699842,329972.411490103,543437.882452115,0,3083.90041403766,0,111585.086850569,0,0,1076294.69508413,0,325980.550352833,24192.0946350176,0,1520420.62596746,0,353422.793092549,0,69958.6499326809,21080.4196848785,71530.419421895,0
"BI_COMPOSITE_SBS6_S",0,0,0,5571.53352636343,0.358097806984028,15.3536805577592,167.797525739688,230.56047613327,0,0,42.5824225681478,0,3849.45498075449,0,0,0,0,0,226.275010467772,260.165755680702,3.59721484790534,3.98384071789533,0,0,344.541931790227,0,0,485.441458788404,0,89.4644435960492,57.4890220760035,8.2131063002288,0,0,33.5776810961926,234.029565810246,5.56902134073967,0,0.0474632706797855,0,74.4355456002415,0,20.6614210843827,98.7541913547285,0,0,0,0,203.410912338336,68.6242953555748,0,18289.6918474335,34.8955981972665,6.25039874105976,334.311020335881,92.436202839125,0,0,1.0780551609108,0,0,27.507027517831,0,0,30.040105545722,121.161139187759,0,0,13.5997253610595,2.73141629084841,0.169300228411495,2.43239167124442,6555.82985904409,457.180885260075,0,0.314161843016184,0,0,6.23581273091965,20.0654557139571,0,89.6367110841079,0,0,0,361.398366217019,630.028011356051,10.5622903349655,0.208540434874101,0,2987.93084721687,9.35527704204832,16496.5825998015,0,10.4096551188051,0,0.187713748024753,0.602532173887816,0,2065.05961337973,51.8177818066279,271.846723560254,4.02063575486371,0,0.907353634151118,1077.13641505517,48.6171457236574,9.02300747305014,0,0,0.11249879992598,0,598.298728916586,0.608735412791359,133.868298817333,0,28.8242633331341,158.65568411189,0,0,102.94351647587,0,0,0,293.952148119633,0,639.892180410154,0,0,0,68.7670377334258,63.6978124164923,0,6.05480856973186,0,834.694246300299,0,77.6003594502061,0,0,5489.02226998316,0,0,2.59377504539312,482.399657476647,105.574868636749,0.462544587932809,15040.3345872783,47.8925010236701,4.70542959816456,41.5572338564946,193.144653993715,45.2637434591094,0,0,0,106.613870236523,1.20420750132337,961.457111401596,0,0,4531.89155129739,0,0.522251090047664,91.7585937229939,0,0,73.3392355569438,150.771758470053,0,0,1.18649311536037,0,0,11.6726092376537,7.92408452996319,5322.97835961302,0,2.22875749338316,159.637933315689,0,28.7251258067224,1.60168229292463,6244.49834230251,0.719640550445545,36.0911402006621,11.0989483703799,1101.00466943312,99.5894399318792,2223.98562018618,418.186043377117,1.74740624999253,40.8271274930784,0,58.0300524697956,0,0,0,62.7675041692959,0
"BI_COMPOSITE_SBS71_P",14.1930452369328,0,0,11.3975474727758,28.6202866675442,0,0,0,0,50.1564029331719,15.3708577839178,0,0,0,0,0,30.9455095480527,8.36629840246838,0,0,0,49.0591023274841,39.3687464993642,5.80541988020784,92.9331134682751,116.725585415654,0,0,218.164291165203,9.04457850292743,0,25.1869396101908,37.5943799026335,0,34.3569173443919,15.6131079828412,20.170331200139,0,26.1029904911409,0,12.6406770042124,14.401209313067,0,0,0,0,206.329429780927,5.72804155398483,138.312373528062,13.6343276462755,17.7339344136979,0,123.458071938355,0,5.13786737482145,0,74.7328560111203,7.29973189339623,1.76898379272353,25.1755668752008,0,11.3300243168652,0,29.7811148672274,8.84062118698217,18.1043580461944,0,0,108.911149309625,0,138.043390036068,81.1419819810347,11.0310746948236,9.15470084669209,0,0,0,0,10.4495601802893,0,0,0,22.185879394864,5.003727646039,0,114.45968272014,0,0,0,93.4783640459585,90.0424554450882,0,37.6993093071354,258.230218291644,18.6183941888982,68.9056122476742,153.988352983847,61.3277055541885,0,75.8600169869039,0,48.4148529720839,21.5846544762297,98.045251061964,0,12.8258174934582,3.40616227858537,0,37.5186132155299,0,5.7312623379452,0,0,0,28.8557658195458,0,3.4629859536067,27.1939602714512,29.645877166708,153.724615860613,9.22933208263717,0,0,548.026411721093,0,0,10.9622469000867,9.84338531469001,20.6079645381217,0,21.9505699937618,21.3588943329902,135.882002470252,4.7301416192539,75.9320207187259,3.40699496557358,744.482975491998,3.18905624316146,0,44.6926404552122,175.780135108284,24.6474183651375,0,0,8.63534536271708,104.764896077687,0,0,2.89614754252242,171.362351116427,104.599856815798,0,0,0,0,1.65673076033833,0,44.3688579184268,0,0,2.91707913774394,118.544007756936,0,21.8103404151228,1.75396574907028,0,24.3608702069401,0,827.280455167873,0,2.95347333908994,13.4414624696292,0,48.0640228430694,925.856670235755,10.8387135389863,0,0,5.97908784015741,284.53151500869,31.8332828007621,16.3685834303223,39.8590289188238,10.2565140881939,17.3117930269955,57.3467279506603,0,889.789027483722,46.0012185648751,12.1790118861594,38.276944434028,0,0,0,4.61968563188152,0,0,125.295244673539,22.4377455277176,0
"BI_COMPOSITE_SBS81_P",4.35097724399825,1.07523569780568,1.29288118228184,4.92289981224,0.584837190200677,0,0,11.4693101886406,1.13797086892109,10.8863515049889,0.442215848312947,0,1.03156592295215,0,4.14246665302458,0,7.96688030414925,2.43985572374853,2.96253339871552,0.960716277583576,4.15231283309456,4.01871671917853,2.26427506767153,0,0.92512869341093,0.202573951583258,0,1.44140989218712,0,2.04530894336614,0.573704419423262,7.37745837943019,0,0,6.94227787951668,0.774291872114642,7.60476983382028,4.36733097226504,0,1.95330419993619,6.18294949362011,1.55826156402475,0,0,9.89368441982828,0,3.26094185525862,146.058091809131,2.18347572320359,2.26068659480986,0,0,0,6.1375104183063,4.69562836343176,0.899302190198871,0,0,1.77801360493399,0.449887779307274,20.8010224506142,0,4.40753448101055,53.253649847627,12.4776817304933,0,0,8.20110506875615,1.75126066298924,2.18737549922367,2.76658277767476,9.75866369909398,2.93394653464219,0,5.44283435779774,0.823253973529175,0,1.1723709461305,3.48757162829243,2.21755719884035,8.96257667401207,1.79705428422831,0,3.22553593871861,0,0,13.9788127151131,0,0,0,4.83308304507235,1.83068280847016,5.68643353584359,0,1.2049356462351,0,0,0.942068602094297,8.16345795598112,0,1.26634394880757,1.04712006254315,0,0,0,7.71153574586132,4.44515012841306,0,3.58739213854095,3.61649123150709,1.69946831780917,7.19665733810851,0,0,0,0,3.89054071460021,39.88555229989,1.39748079058662,0,8.36284481738259,7.76229546885283,0,0,19.3590869005867,1.09553413642929,4.76745254043164,0,0,0,10.7137343854044,6.81016024518256,0,9.81367889788201,0.723072092079063,2.05634070603912,0.835912863955073,2.64037819923396,1.61064355877853,439.526848694163,3.76098428825649,1.75709890175826,0,0,0.809073212891511,9.89377455093539,0,0,2.70122322083672,4.22835359021232,3.27457551437807,5.23287241294006,7.47917125011873,0,6.72159567647119,16.5491023451512,0,2.56178903041123,0,0,0,2.76006684760521,0,0,9.74979981341513,2.35674552718412,8.855863871062,1.92843038812996,14.8148054257857,0,5.27847459179987,1.93171883677629,0,6.26002381891323,0,6.70247091876166,0,0,3.30328904180025,9.227741079728,11.939492671301,4.17826022035783,0,1.13864696746711,6.8619839595955,0.424433902520742,42.8624906925676,7.88999103906691,0,73.8079843355756,14.7358415440181,0,0,0,2.21700755768626,0,1.50739575821112,1.76149221049603,1.14089895382254,0
"BI_COMPOSITE_SBS40_P",15.5144051100539,260.652776812074,0,128.089407015288,52.6860264453001,132.815975252317,0,0,158.036792488136,40.5964837659726,0,0,90.0715658669869,0,0,0,0,32.7474888700154,0,0,1281.87011940013,0,1035.17943284916,0,379.0739477836,22.8124967953394,0,0,17.2330700488474,132.29707794015,0,0,36.1992396033923,80.7594552619052,34.9100234630199,96.3856337003847,11.0763981733444,0,0,0,5468.83276115281,126.128487902382,0,0,0,161.447991440294,0,0,309.231187542827,0,223.150837172936,31.0892537523131,70.2717460071842,1284.98785883508,0,0,32.626560803622,0,138.660710374433,66.1501615314024,205.954498672006,0,137.453864947087,437.520096956469,0,85.4875417349133,0,25.6285290573706,185.654282831896,188.1089952142,12.7594595527774,0,99.9276600935481,272.99034932341,16.8857306437222,175.936554591908,338.832939945852,131.671994285375,0,0,489.740154343615,67.1470080553774,0,0,0,0,162.836065378371,535.234854481849,51.0317951828384,0,228.41289497274,84.4653076769308,87.0750882200827,94.5807868386616,0,253.835321733874,0,0,0,30.3954717325023,0,1160.55671833763,347.004381472963,0,396.392505333994,0,0,0,0,2004.95284956768,471.83118087548,0,2025.00872712396,0,0,0,69.0864837140237,162.535716069971,0,0,81.775209464224,1253.19932719706,0,0,0,45.4239133294498,0,0,0,0,282.037841104092,0,202.839410130049,100.17597872346,0,0,0,142.32788604959,0,0,135.03631280222,0,0,180.027200121122,0,108.922443354003,0,0,37.775092743794,0,0,0,106.177509507593,908.148848903354,326.565920991493,0,0,0,0,0,0,288.2003336487,0,331.387011184667,0,368.199806937759,0,0,337.563686479629,54.237152564846,0,0,370.643208661801,495.362953167873,0,904.553276360324,394.599854144771,0,595.011583710206,181.045798573598,168.372656873425,44.6284221843797,66.5162741438265,29.191925276002,798.967959546564,0,0,171.064927640427,0,77.0723754996817,517.897640581278,9.75378668933178,311.619135426768,76.166933839031,115.215289568651,260.66724944955,0,0,82.5692442778121,0
"BI_COMPOSITE_SBS30_P",75.205329269429,183.448197818891,0,0,986.576791561053,213.979643411086,186.319317541596,296.079061066827,226.363683853945,0,0,0,0,0,0,0,227.646539636343,82.8674933153059,748.095731774935,187.163292056194,1018.98870049155,0,0,0,173.900622069694,654.169495317038,0,0,0,0,0,256.622523497635,723.286588986362,0,0,210.150392165297,0,0,0,0,0,45.3802651794597,0,0,0,518.024725801651,262.784482167756,0,95.4019559597567,427.131121015075,0,399.718703939189,0,0,1128.93256574333,1283.11975795629,0,1837.61972119582,206.478729437832,174.54060801626,0,0,791.67614915308,0,913.587460530458,0,0,1453.5835819922,122.854614447516,0,85.0050761751041,176.98500144286,467.80183263968,43.8377306719598,0,665.146241963126,0,603.235837948909,42.0763396110276,1088.52668321387,314.749159961912,0,36.9546584196508,123.844014940231,0,36.3661508689644,696.429562181498,674.019164761863,78.0466715036707,727.845398351651,1816.23325903606,225.128145660869,72.9223351284586,0,0,0,0,198.619671357779,0,135.880689850533,0,91.3008331987076,1168.08685724435,0,202.144845997293,0,139.785533566449,294.20125070369,897.191059334817,0,68.1185448476757,0,1767.0536354781,146.852108834805,0,0,821.062653734613,0,373.644847306918,0,837.364838787734,1550.75166746278,237.694754060079,0,659.83940086853,0,405.179988527244,53.416974206771,204.745661691879,203.871381687925,349.841860792664,0,0,232.073584513916,744.267926513285,220.43484127052,87.8404360068191,0,311.231673052985,247.156455552197,266.991530088483,303.33746604503,0,331.57366378558,0,241.769456152563,0,164.054034831666,2744.31671699208,224.234147673968,0,159.461901728371,204.020672210891,416.686236872772,0,0,0,0,0,310.867420947123,128.116106970019,837.566192113818,306.001839706223,117.046457058254,351.960982869298,101.767763983525,210.550290800926,477.474032863906,1654.56231408101,0,56.249905866694,500.783794857168,283.724539788218,504.006509469256,0,575.486427512285,0,0,234.960154553582,1056.61126377264,406.326656659648,1023.68828958709,1217.10383275141,102.537527010284,0,252.088132867966,837.719805983543,0,243.095301316293,140.771135260383,0,321.079065955207,552.430480807939,0,17.9064608553333,53.4413919434492,0,0,102.960306667907,0
"BI_COMPOSITE_SBS18_P",129.541122935557,179.167485930145,0,98.3007310783784,453.362030938678,0,0,203.043522706479,70.7113690051322,492.022522451148,46.1275470255133,0,266.594340373284,0,0,0,511.330743697196,1209.53685455336,0,668.374422844791,0,226.13072467791,0,0,130.767614388971,0,0,0,105.500605219083,1172.13200672845,0,923.77337702542,81.2441326058331,44.937189604317,72.1037478861061,681.615455973569,115.030137974535,122.176008478297,88.2493826881076,138.442651141976,221.818724634297,0,0,288.560432558398,36.2623188378343,0,67.2184822717,51.6912639609558,397.667149668627,20.4255494022735,0,0,0,74.8277257351965,183.095034601069,223.468584056539,0,0,220.47403777202,156.896824663744,0,0,0,91.7787333882617,119.908376684838,172.952104706438,0,194.320555786782,125.488597055934,60.0845667152574,546.496847987787,255.924976976689,373.253014024129,0,0,668.150863479755,0,0,148.144131089296,0,106.486214225522,0,0,0,0,0,97.3680733923324,178.405037327113,228.700231419305,40.2468715336073,328.243946726279,118.429077509507,168.649701697874,0,292.669604534429,0,327.056481393315,244.489607719811,108.156808518507,0,710.699640842578,316.459193315202,123.779514866902,164.786424973378,0,239.464657756159,746.198791574368,0,0,0,33.6550546599029,358.478867700705,51.6178228201988,103.811300553745,0,0,2555.14579454792,156.741483720945,222.737818271604,253.735387174618,326.954751596042,0,414.388675506819,0,0,0,515.13191336973,102.687003237084,0,0,120.236065386684,829.849283833245,53.5414618307643,93.1941749396164,51.9694543601605,46.5232444500453,468.460926455624,440.020563828805,280.579847781645,113.993847482694,1378.00180050858,221.705432671517,85.0253163256461,273.692545738896,0,59.4180405058127,0,0,164.256324982488,34.4772030193878,0,0,123.363324326682,0,0,740.843070456952,140.79038214052,1269.62489241632,118.817489979641,0,0,242.500975216796,370.140023244336,0,134.281314416253,0,0,0,0,24.3189387257403,269.368386527588,85.431600953807,0,0,0,47.3447360447822,0,123.158319015124,0,180.76823711687,0,858.822156104732,0,354.524620245456,224.81156292586,201.812552144244,0,65.3437182989131,0,69.9964508752651,631.864621125756,0,234.557885082646,0,117.919654655379,0,0,0,984.174772207237,475.254904274455
"BI_COMPOSITE_SBS8_P",143.69504811599,432.79306544415,0,1389.03317959882,236.360369885452,0,122.969186859311,258.514654466601,143.752222700014,0,0,348.544456702173,37.0622621424569,0,0,636.983295160225,0,0,0,581.497788527582,102.457581859298,0,1081.7141168502,389.056608725217,0,516.992242923581,314.78101418838,0,0,0,251.990930595999,281.581719310345,566.808784645153,0,2887.19265922862,0,476.288257732807,1373.06294291882,0,0,0,435.311097940597,0,298.984548657586,0,87.397555483373,3061.01323804954,0,198.613628414108,0,727.981643273553,298.253464692889,0,353.19047699579,242.531065853539,0,62.6230306692494,0,307.526881068131,0,0,0,0,0,475.59177469675,224.447771299392,0,0,413.234600804893,84.2373023100558,350.946488663818,0,2198.85498586938,0,0,554.325278912835,1468.82591282145,0,689.790037468217,1549.9944782836,0,544.679600395617,0,0,826.928343635532,0,52.5418903087675,89.7614380624415,0,110.10514160843,495.814690798733,0,0,0,147.103267669806,0,0,187.360060141338,0,106.189099726074,446.20682172825,281.806261053349,383.321599753586,1324.00406214107,861.312711714294,130.786484636588,390.845721132696,0,445.949251179789,0,635.40495818087,0,0,0,1283.48228948772,130.841351344779,438.409986849181,145.26084303811,0,1698.07043656313,0,0,0,243.499444930096,400.105892344707,110.29767715095,123.015348791869,210.504677562726,181.92010503196,827.886015034213,359.317416098568,400.261219917254,520.309036374093,58.9170864436732,1742.11388057802,77.8439862300066,170.685197439991,516.738555118929,872.759947477916,779.552621502002,162.151310280784,1715.13972869239,0,41.4103113143816,0,0,3096.92272202093,863.422180358745,0,0,1790.52700079596,126.733254934701,0,0,124.441654849251,0,0,542.805605137653,0,0,570.36577478206,63.0651442675625,259.737499311244,0,188.210287325482,113.843494149093,200.900888399658,186.125011819589,415.628354520664,203.404726524183,0,89.0348363744765,1060.61285297216,353.098403129727,200.365542472225,54.3166485085001,1340.26634582918,0,280.981319116036,294.593024877583,0,0,171.449613276084,222.463167408825,0,0,0,543.650973461474,0,1395.24115039747,901.951208303531,0,92.3192526561668,228.590615663051,1795.21677951819,0,0,241.003196975889,290.674612383359,0
"BI_COMPOSITE_SBS69_P",65.8859106644859,79.5169423589294,47.53066531487,1170.46133283272,107.729314496629,0,268.324598135256,308.308785285523,189.136150402711,2641.66952243335,22.5070465758003,25.2912155201139,1149.24021476409,0,0,236.042533398008,93.0062839318521,0,0,0,853.42690671212,0,57.2561778893745,0,0,0,337.401864468277,0,209.103769665396,0,187.171954010074,296.987406056196,96.600786344285,0,0,759.704435002845,97.7692546361843,123.736635284803,0,0,0,7.68783957029918,0,98.8452334309226,0,187.685826976762,357.099100581313,246.086419163358,0,0,0,0,0,49.4141300354806,0,0,502.868845600144,0,139.646596464956,279.351765467904,380.358241385747,0,148.8721581455,0,120.069105800148,178.759936610299,101.053460153835,2042.56667853633,0,288.072065790891,0,0,46.979195054067,0,0,186.68354876937,0,0,0,51.0305739038975,0,26.5465544596691,0,95.8717300939157,0,81.9836627154818,17.3760943649053,123.941647115131,498.030823133109,0,0,0,0,0,577.253014271152,570.925683663014,0,93.5893560649042,0,0,54.997960299397,0,178.00034082975,0,0,925.147739540432,166.796653849528,186.160018501972,0,281.95423914375,0,385.290704561101,0,0,0,0,407.802028164559,138.934371550592,259.671578519915,0,73.2862786335031,254.061452346154,317.784169562584,592.255112881985,712.797804664679,0,0,0,0,186.857348633397,262.534094387122,383.183489356139,355.61677955832,208.377230276914,0,0,0,80.0961335691695,522.996361236915,0,72.2276892052675,0,639.802411189955,157.892587263188,0,201.897163579246,614.059721082906,0,274.369865209037,94.9542877733687,67.5750509990745,0,0,289.828573754797,0,0,1331.75891984154,86.2038228439421,81.0733709106957,0,214.24930036989,320.045151410609,33.6499542804242,247.25277363799,0,0,0,192.136929347759,836.042198674053,245.914028548506,0,318.420820407219,0,0,66.1386950077841,59.5699161330249,164.226055387133,1582.37009422649,107.919669968569,119.763274440451,0,512.334072441214,195.511460396254,0,0,0,330.022191772751,26.8544157604578,117.769327389126,449.552712364392,516.865500432783,37.9772899224758,99.9644762448828,780.944923256474,755.853684832418,0,422.196633488734,0,275.060062533361,0
