Mutation type,Trinucleotide,BI_COMPOSITE_SBS71_P,BI_COMPOSITE_SBS28_P,BI_COMPOSITE_SBS10a_S,BI_COMPOSITE_SBS6_S,BI_COMPOSITE_SBS30_P
C>A,ACA,0.001539529,0.00190683,0.0025698,0.000675254,0.000994607
C>A,ACC,0.006046068,0.000461098,0.00503059,0.002628242,0.010218123
C>A,ACG,0.000644762,0.000226713,0.000462256,9.99e-05,0.000881306
C>A,ACT,0.010479646,0.0015119,0.015275987,0.002020885,0.000824168
C>A,CCA,0.007593982,0.001529419,0.003014353,0.007564023,0.00821074
C>A,CCC,0.008184617,0.000309008,0.00107151,0.021891822,0.001384022
C>A,CCG,0.002020735,6.21e-05,0.00028571,0.004990839,0.001026152
C>A,CCT,0.053984443,0.002419852,0.012602875,0.036315691,0.002550111
C>A,GCA,0.016283677,0.000602771,0.00130442,0.001673458,0.003163503
C>A,GCC,0.001665987,0.000612873,0.001700185,0.001982945,0.003228594
C>A,GCG,0.00038437,4.6e-05,5.75e-05,0.000955182,0.000873663
C>A,GCT,0.019038574,0.001586117,0.005563272,0.001751613,0.001729156
C>A,TCA,0.00143053,0.001322451,0.081665417,0.001510736,0.00129975
C>A,TCC,3.96e-22,0.000734692,0.005241327,0.00418861,0.001483087
C>A,TCG,0.00130697,9.44e-05,0.001208952,0.000432589,0.000598112
C>A,TCT,0.030188202,0.001956118,0.508828459,0.0040012,0.00124228
C>G,ACA,0.002711026,0.000598181,0.000251603,0.002818416,0.006498832
C>G,ACC,0.000312757,0.000299324,0.000136193,0.000826515,0.006650276
C>G,ACG,0.001504111,0.000188686,3.19e-05,6.98e-05,0.000404883
C>G,ACT,0.000906308,0.000141938,0.000325135,0.002654883,0.002465227
C>G,CCA,0.005133066,0.000982168,6.47e-05,2.97e-05,0.006344657
C>G,CCC,0.001224974,0.001001745,7.18e-05,3.73e-05,0.006877217
C>G,CCG,0.001325059,0.000149752,2.26e-05,0.000103156,0.00038432
C>G,CCT,0.003643664,0.001315128,0.000108732,0.000170751,0.006228954
C>G,GCA,0.002005338,0.000153127,0.000284098,5.89e-05,0.005211267
C>G,GCC,0.000581351,0.000291896,0.00016983,0.001658276,0.004576693
C>G,GCG,0.000396264,8.98e-06,2.04e-05,0.000188079,0.000444353
C>G,GCT,0.003556733,0.000197894,0.000207649,0.000818746,0.003553872
C>G,TCA,0.001760562,0.000858664,0.000161007,0.000333702,0.002362592
C>G,TCC,0.000226896,0.00050575,0.000112364,0.000136339,0.00546254
C>G,TCG,0.001014687,5.55e-06,3.86e-05,5.81e-06,0.000275759
C>G,TCT,0.003630057,0.000760213,0.000435287,0.002293486,0.002023524
C>T,ACA,0.025192152,0.009085749,0.002384779,0.064653758,0.098452055
C>T,ACC,0.013581027,0.003895591,0.004723509,0.014788226,0.067375265
C>T,ACG,0.048759269,0.005910972,0.012537483,0.083245324,0.007342858
C>T,ACT,0.018137731,0.002321946,0.00712431,0.015079199,0.046497048
C>T,CCA,0.018722266,0.006508437,0.000430367,0.011010025,0.077072821
C>T,CCC,0.004709176,0.002581826,0.000788319,0.010376737,0.081674566
C>T,CCG,0.08412873,0.001782198,0.001967214,0.071226163,0.016271027
C>T,CCT,0.006335181,0.004171196,0.00121595,0.010372154,0.022123378
C>T,GCA,0.001252677,0.005000641,0.001361237,0.049865202,0.065467802
C>T,GCC,0.000645286,0.00266809,0.011115067,0.047243076,0.064441911
C>T,GCG,0.071665753,0.002621404,0.013862415,0.089179196,0.004557988
C>T,GCT,0.005509507,0.001310591,0.010754532,0.028855805,0.032008729
C>T,TCA,0.002692951,0.007671116,0.001402504,0.009743105,0.025711633
C>T,TCC,0.008074801,0.009658225,0.005872363,0.008928347,0.090429717
C>T,TCG,0.027457211,0.001157883,0.041618712,0.040015901,0.005147184
C>T,TCT,0.014171337,0.008372529,0.024968037,0.0060866,0.028284232
T>A,ATA,0.008919315,0.000466616,0.000746813,0.000438051,0.003849044
T>A,ATC,0.000228184,0.001960046,0.000424728,0.002790205,0.012418972
T>A,ATG,0.00370195,0.000518884,0.000117276,0.000764711,0.007995802
T>A,ATT,0.020968957,0.006405972,0.009470686,0.016260855,0.008230324
T>A,CTA,0.005435718,0.002014027,8.42e-05,8.4e-05,0.000484046
T>A,CTC,0,0.012426354,0.000413622,0.002695922,0.000489099
T>A,CTG,0.002539763,0.007516251,0.000316969,0.000222034,0.0001612
T>A,CTT,0.004433833,0.011324944,0.001127383,0.000644111,0.000674293
T>A,GTA,0.004041361,0.000526216,0.000101494,2e-05,0.002337735
T>A,GTC,0.002833336,0.003383985,0.000202928,0.000744035,0.00411324
T>A,GTG,0.002326967,0.001912742,9.22e-05,0.001567198,0.004387363
T>A,GTT,0.009271467,0.00353431,0.000788929,0.000880943,0.002333435
T>A,TTA,0.061602987,0.001780042,0.002714496,0.005890125,0.000689462
T>A,TTC,0.000122671,0.005574299,0.00089508,0.001296977,0.000856237
T>A,TTG,0.001695947,0.002054076,0.000961467,0.00022869,0.002176036
T>A,TTT,0.01775911,0.017657395,0.008343692,0.006418183,0.001183424
T>C,ATA,0.024261033,0.002078,0.001356147,0.022485654,0.004898337
T>C,ATC,0.008584123,0.006493577,0.00178082,0.005120104,0.002650169
T>C,ATG,0.016293818,0.004045544,0.000940817,0.035668252,0.01234808
T>C,ATT,0.013259474,0.00607326,0.002556743,0.005646602,0.012214275
T>C,CTA,0.012271251,0.018870471,0.000190087,0.012513631,0.007074984
T>C,CTC,0.006363907,0.041813259,0.001057715,0.008473403,0.001190874
T>C,CTG,0.017464248,0.041642195,0.000527036,0.041541217,0.011907434
T>C,CTT,0.016123675,0.031816744,0.000646744,0.008604095,0.004892112
T>C,GTA,0.005609431,0.003213641,0.001196167,0.015173513,0.009596008
T>C,GTC,0.006937631,0.008892861,0.002767097,0.005808791,0.000705933
T>C,GTG,0.01319403,0.009254199,0.000251582,0.029112454,0.00371137
T>C,GTT,0.004905781,0.005642069,0.008923394,0.009319073,0.006077483
T>C,TTA,0.002675552,0.004655199,0.002211024,0.013218293,0.008040525
T>C,TTC,0.010458485,0.021188922,0.007555166,0.009627009,0.000246237
T>C,TTG,0.008099957,0.011282672,0.002680966,0.020343995,0.002526835
T>C,TTT,0.036574266,0.023393095,0.006717808,0.024729364,0.009109451
T>G,ATA,0.001804878,0.003078561,0.002136385,4.29e-05,0.000498519
T>G,ATC,0.000870905,0.013518906,0.002404864,0.000348311,0.000140036
T>G,ATG,0.004163928,0.006135663,0.000552284,0.000588155,0.001296227
T>G,ATT,0.003506233,0.095151156,0.017587,0.000428327,0.002622522
T>G,CTA,0.011757474,0.007132783,0.00099227,0.000394209,0.001100761
T>G,CTC,0.002079637,0.024547593,0.000349974,0.003315495,0.000523585
T>G,CTG,0.018971203,0.018401595,0.00020763,0.00423291,0.000530026
T>G,CTT,0.023721617,0.107269742,0.003992701,0.003572988,0.002702788
T>G,GTA,0.003608034,0.001616425,0.000121521,4.83e-05,0.000759408
T>G,GTC,0.000864913,0.007198986,0.000392513,2.89e-05,0.00041354
T>G,GTG,0.005138257,0.005280482,8.26e-05,0.000670227,0.001497389
T>G,GTT,0.00095887,0.043938872,0.001638444,0.001775568,0.00026145
T>G,TTA,0.00197285,0.005837306,0.012909336,0.000148381,0.001542663
T>G,TTC,0.000225828,0.021886094,0.002511651,0.000457953,0.000372756
T>G,TTG,0.017038613,0.011606005,0.000835825,0.002751676,0.001951679
T>G,TTT,0.012598532,0.210428235,0.094672455,0.007308517,0.001886276
